name,Team,player_id,year,b_total_pa,b_game,xba,xslg,xwoba,xobp,xiso,exit_velocity_avg,avg_best_speed,launch_angle_avg,barrel_batted_rate,pull_percent,linedrives_percent
Christian Lopes,OAK,547173,2022,10,4,0.173,0.223,0.222,0.256,0.049,91.1,96.00989,27.6,0,25,50
Jason Krizan,SFG,607249,2022,10,3,0.151,0.174,0.251,0.321,0.022,94.5,99.11420667,9.2,0,40,40
Otto Lopez,TOR,672640,2022,10,8,0.283,0.308,0.302,0.354,0.025,85.5,97.1351825,4.2,0,25,37.5
Aaron Whitefield,LAA,664334,2022,11,5,0.159,0.285,0.189,0.159,0.126,95.3,103.9117967,-1.8,16.7,66.7,33.3
Brendon Davis,DET,663478,2022,11,3,0.24,0.394,0.311,0.309,0.154,88,97.4071625,34.2,14.3,28.6,14.3
Dustin Garneau,DET,572863,2022,11,8,0.243,0.448,0.334,0.312,0.204,89.5,97.29038667,40.6,16.7,50,16.7
Gosuke Katoh,TOR,641741,2022,11,8,0.215,0.259,0.351,0.451,0.044,83.3,91.76154,25.6,0,42.9,0
Joe Dunand,MIA,656388,2022,11,3,0.131,0.232,0.205,0.21,0.101,85.9,91.9978625,40.1,0,71.4,14.3
Alex Jackson,MIL,656577,2022,12,5,0.183,0.21,0.172,0.183,0.026,79.7,81.42458333,17,0,0,40
Chris Okey,CIN,608360,2022,13,7,0.165,0.185,0.2,0.229,0.021,86.2,92.2704425,15.9,0,28.6,0
Kevin Pillar,LAD,607680,2022,13,4,0.192,0.364,0.272,0.255,0.172,88.2,99.88945,10.7,12.5,62.5,12.5
Zack Short,DET,670097,2022,13,6,0.112,0.269,0.232,0.245,0.157,91.8,99.63450667,39.8,33.3,16.7,16.7
Brandon Dixon,SDP,641525,2022,14,5,0.239,0.293,0.234,0.239,0.054,88.4,97.428408,20.2,0,22.2,33.3
Dillon Thomas,LAA,605504,2022,14,8,0.092,0.105,0.217,0.286,0.013,82.9,95.55225,-5.7,0,40,0
Francisco Alvarez,NYM,682626,2022,14,5,0.252,0.654,0.42,0.358,0.402,89.1,102.5950125,15.3,37.5,37.5,12.5
Israel Pineda,WSN,672832,2022,14,4,0.091,0.112,0.131,0.156,0.021,88.9,94.11659,7.2,0,16.7,33.3
Monte Harrison,LAA,656509,2022,14,9,0.121,0.272,0.282,0.309,0.151,103,104.93608,8.7,33.3,0,0
Bryan Lavastida,CLE,681526,2022,15,6,0.112,0.125,0.221,0.289,0.013,87.6,97.18608,6.2,0,25,0
Rylan Bannon,ATL,676625,2022,15,5,0.127,0.181,0.174,0.185,0.054,88.7,97.829154,0.9,0,44.4,11.1
Austin Allen,OAK,664119,2022,16,5,0.067,0.108,0.153,0.184,0.042,92.7,99.03823333,25,0,20,0
James Outman,LAD,681546,2022,16,4,0.218,0.324,0.319,0.364,0.106,99.6,106.4265967,16.5,0,66.7,33.3
Logan O'Hoppe,LAA,681351,2022,16,5,0.232,0.292,0.285,0.328,0.06,84.3,92.40453,24.6,0,36.4,18.2
Pablo Reyes,MIL,622569,2022,16,5,0.16,0.186,0.187,0.213,0.026,83.6,90.54261667,1.1,0,38.5,15.4
Steele Walker,TEX,667727,2022,16,5,0.219,0.401,0.317,0.317,0.182,88.2,98.200678,19.4,20,50,0
Bobby Bradley,CLE,656252,2022,17,8,0.147,0.185,0.144,0.147,0.038,87.5,102.3819925,2.7,0,37.5,25
Dixon Machado,SFG,553988,2022,17,5,0.24,0.264,0.281,0.33,0.024,71.6,86.186512,22.5,0,20,20
Drew Ellis,SEA,656403,2022,17,7,0.178,0.228,0.205,0.226,0.05,88.4,94.363078,9.4,0,33.3,44.4
Manny Pina,ATL,444489,2022,17,5,0.192,0.405,0.298,0.288,0.213,81.9,93.08749571,9,7.1,35.7,7.1
Miles Mastrobuoni,TBR,670156,2022,17,8,0.16,0.195,0.186,0.21,0.035,86.3,93.924566,-2.2,0,50,10
Carlos Perez,CHW,656024,2022,18,7,0.228,0.294,0.23,0.228,0.066,82.4,90.515415,15.4,0,50,25
Bryce Johnson,SFG,669369,2022,19,11,0.163,0.187,0.181,0.207,0.024,82.6,93.31258,13.5,0,27.3,36.4
Steven Souza ,SEA,519306,2022,19,6,0.181,0.203,0.169,0.181,0.022,83.3,90.47355333,23.6,0,54.5,18.2
Travis Shaw,BOS,543768,2022,19,7,0.081,0.11,0.081,0.081,0.029,79.3,89.90204333,29,0,16.7,33.3
Mark Kolozsvary,CIN,656627,2022,21,10,0.192,0.304,0.236,0.231,0.112,88.3,98.68381667,-1.8,9.1,27.3,36.4
Pedro Severino,MIL,600474,2022,21,8,0.15,0.198,0.227,0.271,0.048,86.7,94.83959667,16.3,0,45.5,27.3
Ford Proctor,SFG,665154,2022,22,7,0.22,0.302,0.296,0.319,0.082,89.4,97.32522667,-10.5,5.9,41.2,23.5
Heliot Ramos,SFG,671218,2022,22,9,0.211,0.366,0.29,0.283,0.154,87.4,102.43344,1.7,7.1,50,14.3
Ivan Herrera,STL,671056,2022,22,11,0.113,0.14,0.164,0.193,0.027,85.2,95.24692167,8.1,0,33.3,8.3
Jared Young,CHC,676724,2022,22,6,0.234,0.36,0.315,0.338,0.126,90.7,103.5263383,9.3,8.3,33.3,33.3
Jose Godoy,PIT,608422,2022,22,10,0.11,0.129,0.158,0.191,0.019,78,92.572264,-3,0,63.6,27.3
Matthew Batten,SDP,676946,2022,22,15,0.193,0.251,0.262,0.303,0.058,86.3,95.92967,3.4,0,23.1,15.4
Billy Hamilton,MIN,571740,2022,23,37,0.154,0.174,0.196,0.231,0.02,78.4,90.54521,28.3,0,55.6,11.1
Caleb Hamilton,MIN,643348,2022,23,22,0.069,0.215,0.223,0.238,0.146,95.7,102.19248,2.3,20,40,0
Maikel Garcia,KCR,672580,2022,23,9,0.229,0.274,0.242,0.262,0.045,85.9,94.65438778,3.3,0,29.4,29.4
Michael Siani,CIN,672279,2022,24,9,0.163,0.206,0.16,0.163,0.043,81,95.6169375,30.7,0,47.1,29.4
Adam Haseley,CHW,656514,2022,25,14,0.219,0.254,0.266,0.316,0.035,84,96.04155143,-14.7,0,40,13.3
Ben DeLuzio,STL,641512,2022,25,22,0.268,0.311,0.33,0.39,0.044,72.8,84.559385,12.8,0,31.3,31.3
Mark Payton,CHW,592622,2022,25,8,0.157,0.181,0.236,0.292,0.025,84.6,91.03232111,22.5,0,47.1,11.8
Tim Beckham,MIN,542921,2022,25,12,0.186,0.235,0.181,0.186,0.049,90.5,101.5056975,-0.4,0,50,12.5
Korey Lee,HOU,686676,2022,26,12,0.105,0.126,0.12,0.139,0.021,83.6,93.26511125,10.5,0,31.3,6.3
Ryan Aguilar,LAA,666922,2022,26,7,0.131,0.202,0.204,0.228,0.071,93.3,99.04246,10.5,0,44.4,33.3
Eddy Alvarez,LAD,657193,2022,27,14,0.191,0.22,0.179,0.188,0.029,88,96.00240556,10.3,0,44.4,16.7
Jaylin Davis,BOS,664041,2022,27,12,0.227,0.272,0.272,0.313,0.045,88.2,99.26355857,7.1,0,23.1,53.8
Max Schrock,CIN,621011,2022,27,13,0.189,0.237,0.203,0.219,0.047,82.8,94.127482,19.4,0,15,25
Dalton Guthrie,PHI,656495,2022,28,14,0.237,0.344,0.363,0.427,0.108,76.8,89.10369571,8.1,7.1,21.4,35.7
Lucius Fox,WSN,665650,2022,28,10,0.156,0.211,0.182,0.188,0.055,81.8,95.43933875,-3.5,5.6,50,5.6
Yonny Hernandez,ARI,660634,2022,28,12,0.17,0.201,0.202,0.234,0.031,82.3,91.606844,-12.5,0,50,18.2
Sebastian Rivero,KCR,665861,2022,29,17,0.163,0.263,0.221,0.223,0.1,87.2,100.0549513,12.7,5.9,47.1,11.8
Nick Plummer,NYM,663911,2022,31,14,0.2,0.396,0.28,0.252,0.195,89.1,100.6642122,7.8,11.8,41.2,23.5
Cody Thomas,OAK,642137,2022,32,10,0.216,0.269,0.24,0.265,0.054,89.5,98.98887,9.3,0,50,33.3
Kelvin Gutierrez,BAL,642721,2022,33,12,0.199,0.331,0.284,0.302,0.132,89.6,97.974823,5.9,5,30,20
Richie Martin,BAL,621006,2022,33,13,0.185,0.268,0.241,0.259,0.083,86.5,97.404105,6.4,5,25,25
David Hensley,HOU,682073,2022,34,16,0.254,0.432,0.353,0.364,0.178,90.3,99.06817417,-0.4,4.3,39.1,21.7
Kevin Padlo,PIT,656821,2022,34,13,0.163,0.21,0.177,0.188,0.047,90.8,102.4780125,16.4,0,34.8,21.7
Zach Reks,TEX,676646,2022,34,16,0.223,0.309,0.23,0.223,0.085,86.3,99.42294833,19,0,29.2,33.3
Elier Hernandez,TEX,609274,2022,35,14,0.168,0.227,0.183,0.187,0.059,84,92.420282,30.7,5.3,47.4,26.3
Estevan Florial,NYY,664314,2022,35,17,0.149,0.256,0.235,0.246,0.107,85.6,96.35912778,14.3,5.6,33.3,16.7
Ezequiel Tovar,COL,678662,2022,35,9,0.249,0.39,0.3,0.292,0.141,88.6,98.39034333,8.5,12.5,41.7,20.8
Payton Henry,MIA,668721,2022,35,15,0.187,0.203,0.279,0.35,0.016,79.5,90.405935,-7.4,0,15,15
Alex Dickerson,ATL,543105,2022,36,13,0.221,0.395,0.297,0.285,0.175,90.1,100.1620017,18.2,8.3,50,29.2
Brent Rooker ,KCR,667670,2022,36,16,0.183,0.306,0.264,0.274,0.123,87.8,98.79614818,13.5,4.8,42.9,19
Esteury Ruiz,MIL,665923,2022,36,17,0.205,0.255,0.216,0.227,0.05,73,85.06308643,19.2,3.6,39.3,17.9
Lenyn Sosa,CHW,672820,2022,36,11,0.193,0.346,0.243,0.215,0.153,86.6,96.25178833,5.7,8.7,26.1,8.7
Abraham Almonte,BOS,501659,2022,37,15,0.184,0.295,0.234,0.229,0.11,88.1,97.3089975,14.6,4.3,30.4,26.1
Ji Hwan Bae,PIT,678225,2022,37,10,0.236,0.261,0.273,0.318,0.025,83.2,96.59756923,4.4,0,29.6,22.2
Matt Davidson,OAK,571602,2022,37,13,0.188,0.417,0.29,0.253,0.23,87.3,99.90750909,13.1,14.3,47.6,9.5
Lewis Brinson,SFG,621446,2022,39,16,0.181,0.38,0.264,0.224,0.199,87.8,99.81967909,12,13,47.8,21.7
Chad Wallach,LAA,595453,2022,40,12,0.243,0.438,0.332,0.321,0.195,87,98.67573077,17.7,7.4,33.3,25.9
Dom Nunez,COL,624513,2022,41,14,0.156,0.243,0.245,0.279,0.086,85.3,95.45340692,15.8,4,24,24
Erik Gonzalez,MIA,570481,2022,41,16,0.224,0.268,0.263,0.3,0.044,84.4,95.16655417,-0.7,0,36,28
Jeter Downs,BOS,669023,2022,41,14,0.137,0.181,0.153,0.158,0.044,82.9,94.900232,19,0,42.1,15.8
Jonathan Arauz,BAL,660620,2022,41,15,0.255,0.385,0.282,0.269,0.13,87.4,99.19378643,12.1,7.1,35.7,39.3
Mark Vientos,NYM,668901,2022,41,16,0.187,0.329,0.28,0.286,0.143,93.3,103.8245142,13.1,8.3,29.2,8.3
Royce Lewis,MIN,668904,2022,41,12,0.274,0.445,0.319,0.292,0.172,90.7,100.7474139,19.4,5.7,48.6,20
Brett Baty,NYM,683146,2022,42,11,0.287,0.414,0.332,0.339,0.127,91.1,100.49892,10,6.7,33.3,16.7
Tom Murphy,SEA,608596,2022,42,14,0.29,0.536,0.42,0.429,0.246,94.3,104.918625,13.4,20,45,35
Wynton Bernard,COL,592144,2022,42,12,0.236,0.279,0.226,0.236,0.043,84.6,95.74601706,-6.5,0,29.4,23.5
Yolmer Sanchez,NYM,570560,2022,44,17,0.135,0.179,0.204,0.24,0.044,84.4,93.49508917,14,0,30.8,23.1
Jackson Frazier,CHC,640449,2022,45,19,0.203,0.292,0.3,0.345,0.089,85.9,97.71085385,18,3.8,53.8,19.2
Niko Goodrum,HOU,592348,2022,45,15,0.173,0.247,0.205,0.21,0.074,81.9,96.553149,7.7,5,35,30
Will Brennan,CLE,686823,2022,45,11,0.282,0.415,0.32,0.331,0.133,89.8,98.40309,5.4,5.3,42.1,26.3
Andrew Knapp,SFG,595284,2022,46,16,0.185,0.247,0.254,0.293,0.062,86.3,95.52700214,17.2,0,42.9,14.3
Tim Locastro,NYY,641796,2022,46,38,0.253,0.416,0.316,0.303,0.163,86.5,96.33429056,11.8,5.6,47.2,27.8
Cam Gallagher,KCR,595956,2022,47,18,0.187,0.242,0.22,0.241,0.055,85.8,96.08426429,16.3,0,48.4,19.4
Esteban Quiroz,CHC,606019,2022,47,14,0.226,0.297,0.29,0.327,0.071,81.6,94.72879933,11.3,3.1,34.4,25
Matt Beaty,SDP,607461,2022,47,20,0.199,0.257,0.243,0.267,0.059,83.6,96.81082667,10.5,0,40,20
Josh Palacios,WSN,641943,2022,49,29,0.213,0.252,0.225,0.245,0.039,81.3,93.297935,4.9,0,31.3,25
Luis Campusano,SDP,669134,2022,50,16,0.23,0.355,0.258,0.241,0.125,87.7,99.76127684,16.4,5.3,26.3,15.8
Miguel Vargas,LAD,678246,2022,50,18,0.205,0.338,0.257,0.241,0.133,89.7,98.53849944,25.9,8.6,37.1,11.4
Jordan Diaz,OAK,672478,2022,51,15,0.208,0.273,0.229,0.239,0.064,86.9,96.12983762,-4.8,0,38.1,23.8
Alec Burleson,STL,676475,2022,53,16,0.248,0.415,0.322,0.319,0.167,91.7,100.5183932,4,10.3,41,25.6
Tres Barrera,WSN,668663,2022,53,19,0.167,0.214,0.187,0.199,0.047,81.8,91.98582294,21.4,0,34.3,20
Adalberto Mondesi,KCR,609275,2022,54,15,0.166,0.231,0.211,0.228,0.066,88,97.56029692,7.8,3.3,40,10
Nick Ahmed,ARI,605113,2022,54,17,0.191,0.292,0.227,0.221,0.101,86.9,96.86520278,4.4,5.4,45.9,13.5
Willians Astudillo,MIA,553902,2022,55,21,0.265,0.315,0.265,0.279,0.05,83,95.27252077,15.5,0,37.3,19.6
Connor Wong,BOS,657136,2022,56,27,0.185,0.367,0.281,0.27,0.183,89.8,99.75880471,5.1,11.8,35.3,11.8
Billy McKinney,OAK,641856,2022,57,23,0.158,0.249,0.203,0.216,0.091,83.8,94.80122611,17.4,5.4,32.4,18.9
David MacKinnon,OAK,676950,2022,57,22,0.208,0.28,0.259,0.289,0.072,85,95.33778941,8.2,2.9,38.2,20.6
Gabriel Arias,CLE,672356,2022,57,16,0.197,0.296,0.29,0.326,0.099,88.8,100.5168433,-0.6,6.3,37.5,18.8
Jose Rojas,LAA,670351,2022,57,22,0.167,0.231,0.182,0.182,0.064,84.8,96.31704167,27.9,2.7,40.5,18.9
Justin Upton,SEA,457708,2022,57,17,0.157,0.218,0.249,0.293,0.061,88.5,99.12887833,26.5,4,48,20
Oswald Peraza,NYY,672724,2022,57,18,0.276,0.374,0.343,0.378,0.097,81.6,95.3083725,5.4,5,35,17.5
Anthony Bemboom,BAL,621532,2022,59,22,0.182,0.266,0.246,0.269,0.084,90.1,99.02926882,7,5.6,38.9,13.9
Conner Capel,OAK,668843,2022,59,22,0.286,0.438,0.339,0.338,0.152,87.6,97.99066546,7.9,6.8,31.8,29.5
Dee Strange-Gordon,WSN,543829,2022,59,22,0.22,0.268,0.213,0.22,0.047,84.4,92.76007,1.3,0,45.1,21.6
Jake Hager,ARI,606993,2022,59,28,0.165,0.24,0.247,0.28,0.075,80.8,94.03665933,13.9,5.9,35.3,11.8
Livan Soto,LAA,670869,2022,59,18,0.281,0.334,0.283,0.303,0.053,83.8,92.85119429,19.8,0,52.3,29.5
Chuckie Robinson,CIN,642020,2022,60,25,0.227,0.375,0.26,0.227,0.148,86.2,97.52340381,0.5,9.3,27.9,14
Hoy Park,PIT,660829,2022,60,23,0.208,0.344,0.269,0.27,0.136,85.1,96.31155211,10.3,10,35,10
Yairo Munoz,PHI,622168,2022,60,29,0.226,0.328,0.263,0.265,0.102,85,97.97592167,1.3,4.3,46.8,12.8
Mark Contreras,MIN,676628,2022,61,28,0.204,0.424,0.304,0.24,0.22,94.9,104.2844963,13.9,31.6,42.1,18.4
Will Benson,CLE,666181,2022,61,28,0.181,0.228,0.224,0.249,0.048,84.2,96.20622167,10.4,0,40.5,18.9
Juan Lagares,LAA,501571,2022,62,20,0.216,0.305,0.242,0.241,0.089,88.4,98.69337957,14.4,2.2,40,33.3
Kyle Lewis,SEA,641786,2022,62,18,0.206,0.4,0.3,0.284,0.195,89.9,99.82020889,16.9,10.8,40.5,18.9
Willie Calhoun,SFG,641432,2022,62,22,0.215,0.327,0.309,0.343,0.112,89.4,99.75700136,14.2,2.3,43.2,20.5
Cole Tucker,PIT,657061,2022,63,18,0.183,0.275,0.198,0.183,0.092,82.4,94.31418737,4.8,7.9,36.8,23.7
Travis Jankowski,SEA,608671,2022,64,44,0.198,0.23,0.259,0.31,0.032,80.5,92.70233095,-3.2,0,33.3,11.1
Jordan Groshans,MIA,677954,2022,65,17,0.234,0.305,0.263,0.281,0.071,87.1,98.61393375,5,2.1,27.1,25
Matt Wallner,MIN,670242,2022,65,18,0.175,0.265,0.245,0.277,0.09,87.5,102.52181,12.9,9.4,46.9,18.8
Chris Owings,BAL,572008,2022,68,26,0.145,0.199,0.238,0.286,0.054,80.4,93.84747938,10.8,3,33.3,15.2
Garrett Mitchell,MIL,669003,2022,68,28,0.187,0.339,0.266,0.26,0.152,92.9,100.8287259,9.5,11.8,17.6,29.4
Michael Stefanic,LAA,683021,2022,69,25,0.217,0.279,0.266,0.297,0.062,84.8,93.49606,5,2,22,20
Roberto Perez,PIT,547379,2022,69,21,0.212,0.376,0.308,0.314,0.165,89.3,101.7896156,5.4,11.4,45.7,22.9
Daz Cameron,DET,663662,2022,70,21,0.223,0.401,0.303,0.289,0.178,90.4,100.3198882,17.1,9.1,36.4,22.7
Cal Stevenson,OAK,670276,2022,71,23,0.208,0.309,0.277,0.298,0.102,87.6,97.16470684,10.6,5,35,27.5
J.J. Matijevic,HOU,656695,2022,71,32,0.213,0.325,0.259,0.257,0.112,88.8,99.86597714,8.9,2.4,33.3,21.4
Miguel Sano,MIN,593934,2022,71,20,0.167,0.336,0.302,0.293,0.169,93.9,102.6933806,30,13.9,50,27.8
Luke Raley,TBR,670042,2022,72,22,0.177,0.296,0.286,0.298,0.119,90.1,100.6282047,16.9,13.2,28.9,15.8
Patrick Mazeika,NYM,664850,2022,72,24,0.188,0.284,0.218,0.211,0.097,84.5,93.46746828,15.4,3.3,55.7,19.7
Gabriel Moreno,TOR,672515,2022,73,25,0.274,0.362,0.299,0.314,0.088,89.2,97.74877613,5.9,3.3,14.8,24.6
Michael Hermosillo,CHC,641684,2022,73,31,0.169,0.247,0.259,0.296,0.078,86.6,97.96185412,17.4,8.6,37.1,28.6
Jack Mayfield,LAA,608686,2022,74,23,0.187,0.257,0.221,0.231,0.07,84.5,93.70729852,13.5,1.9,47.2,17
Meibrys Viloria,TEX,650619,2022,75,26,0.142,0.247,0.243,0.268,0.106,88.4,97.59757722,5.6,8.6,28.6,20
Jermaine Palacios,MIN,650339,2022,77,30,0.191,0.313,0.237,0.23,0.122,87.5,98.38676913,4.5,6.5,39.1,23.9
Phil Gosselin,LAA,594838,2022,77,34,0.177,0.254,0.207,0.209,0.077,86.4,96.7428284,15,2,28,20
Donovan Walton,SFG,622268,2022,78,25,0.191,0.31,0.228,0.212,0.119,86.1,96.60934867,7.7,5,36.7,20
Steven Duggar,LAA,621453,2022,80,29,0.146,0.24,0.215,0.224,0.094,92.9,101.7239994,16.9,6.3,28.1,21.9
Jerar Encarnacion,MIA,666464,2022,81,23,0.184,0.296,0.231,0.22,0.112,90.5,100.0494504,8,6.5,37,21.7
Matt Thaiss,LAA,642136,2022,81,29,0.212,0.325,0.289,0.317,0.113,88.5,98.4696987,7.5,6.5,41.3,13
Guillermo Heredia,ATL,628338,2022,82,74,0.16,0.289,0.228,0.222,0.129,86,97.68347864,14.6,11.4,47.7,20.5
Jake Marisnick,PIT,545350,2022,82,31,0.226,0.361,0.27,0.265,0.135,88.4,101.0382346,19.9,7.4,35.2,22.2
Rene Pinto,TBR,650907,2022,83,25,0.187,0.278,0.219,0.216,0.091,89.1,100.2101004,12.6,4.4,17.8,17.8
Yermin Mercedes,SFG,606213,2022,83,31,0.253,0.392,0.329,0.343,0.139,87.5,97.54091786,25.3,7.1,32.1,25
Ryan Kreidler,DET,668952,2022,84,26,0.211,0.34,0.273,0.276,0.13,88.2,96.20178111,14.8,7.3,40,16.4
Stone Garrett,ARI,656448,2022,84,27,0.198,0.369,0.268,0.24,0.171,92.9,101.2777156,22.8,10,30,22
Andrelton Simmons,CHC,592743,2022,85,34,0.158,0.189,0.199,0.232,0.032,81.4,90.98037133,1.1,0,38.5,12.3
Luis Barrera,OAK,642456,2022,85,32,0.213,0.31,0.261,0.276,0.096,87.1,96.470882,5.1,3.3,41,21.3
Nick Maton,PHI,665155,2022,85,34,0.217,0.357,0.306,0.318,0.14,86.6,96.70372136,18.6,6.7,46.7,24.4
Sandy Leon,MIN,506702,2022,86,33,0.187,0.238,0.263,0.312,0.051,84.3,94.15267955,21.4,0,54.3,37
Tyler Freeman,CLE,671289,2022,86,24,0.229,0.286,0.27,0.302,0.057,85.9,96.96010182,10.3,1.5,20.9,19.4
Jonathan Aranda,TBR,666018,2022,87,32,0.205,0.348,0.279,0.289,0.143,91.1,100.6311552,5.9,7.3,45.5,18.2
Roman Quinn,TBR,596451,2022,87,44,0.188,0.268,0.244,0.263,0.079,91.3,101.8435568,23.3,4.7,53.5,25.6
Jason Castro,HOU,488771,2022,88,34,0.161,0.28,0.239,0.245,0.119,88.6,98.6215215,10,5.1,41,17.9
Jonathan Davis,MIL,641505,2022,91,37,0.218,0.262,0.284,0.34,0.044,84.6,95.4263956,2.8,0,41.2,27.5
Mark Mathias,TEX,664029,2022,91,30,0.214,0.384,0.298,0.29,0.17,90.2,99.59246269,11.8,11.5,36.5,25
Derek Hill,DET,656537,2022,92,31,0.193,0.242,0.23,0.243,0.049,85.2,97.50347577,6.6,3.4,28.8,23.7
Edwin Rios,LAD,621458,2022,92,27,0.225,0.457,0.312,0.276,0.231,88.5,99.4546952,10.9,14,42,28
Buddy Kennedy,ARI,671083,2022,94,30,0.196,0.28,0.255,0.275,0.085,88.6,96.31520645,13,1.6,30.6,25.8
Nolan Jones,CLE,666134,2022,94,28,0.254,0.436,0.325,0.317,0.182,89.3,101.6560396,15.9,14.5,43.6,32.7
Nick Solak,TEX,669256,2022,95,35,0.242,0.409,0.335,0.338,0.168,86.7,98.94320807,5.7,7.8,40.6,17.2
Triston Casas,BOS,671213,2022,95,27,0.193,0.356,0.325,0.354,0.163,86,99.40301074,2.2,7.5,37.7,13.2
Magneuris Sierra,LAA,642423,2022,96,45,0.197,0.234,0.212,0.23,0.038,82.2,94.478225,7.2,0,40.3,23.9
Travis Demeritte,ATL,641513,2022,96,26,0.211,0.333,0.263,0.261,0.122,88.8,100.2232348,9.7,6.9,41.4,22.4
Sean Bouchard,COL,656248,2022,97,27,0.244,0.349,0.36,0.421,0.105,89.8,100.2424568,15.3,2,48,34
Kyle Stowers,BAL,669065,2022,98,34,0.266,0.447,0.335,0.319,0.181,91.1,102.0942877,16,11.3,40.3,32.3
Josh Jung,TEX,673962,2022,102,26,0.225,0.403,0.287,0.255,0.178,85.5,98.30520933,14.3,10.2,47.5,25.4
Peyton Burdick,MIA,680814,2022,102,32,0.205,0.387,0.296,0.283,0.182,90,100.2752554,18,10.5,35.1,22.8
Michael Papierski,CIN,657709,2022,103,39,0.171,0.204,0.217,0.253,0.033,77.4,88.34039727,12.2,0,38.8,19.4
Terrin Vavra,BAL,679631,2022,103,40,0.264,0.353,0.318,0.348,0.089,87.5,96.13593657,10.7,1.4,27.8,31.9
Robinson Cano,Free Agent,429664,2022,104,33,0.209,0.299,0.237,0.239,0.09,88.2,100.2619881,5.8,4,38.7,20
Danny Mendick,CHW,664901,2022,106,31,0.229,0.327,0.273,0.287,0.099,86.8,95.65364784,10.3,4,34.7,28
Spencer Steer,CIN,668715,2022,108,28,0.206,0.304,0.278,0.302,0.098,84.7,96.40336886,13.6,5.8,43.5,21.7
Zack Collins,PIT,641470,2022,108,36,0.181,0.317,0.257,0.256,0.137,91,99.47170862,20.1,8.8,54.4,24.6
Drew Waters,KCR,671221,2022,109,32,0.195,0.376,0.293,0.285,0.18,84.1,96.32379214,10.4,12.5,39.3,21.4
Romy Gonzalez,CHW,663853,2022,109,32,0.228,0.359,0.265,0.248,0.131,91.2,102.5632542,3.3,9,29.9,13.4
Ehire Adrianza,ATL,501303,2022,110,37,0.222,0.288,0.274,0.306,0.066,84.6,94.93873472,12.6,1.4,43.8,20.5
Stuart Fairchild,CIN,656413,2022,110,46,0.221,0.396,0.317,0.313,0.175,88.9,99.36416419,13.3,9.5,44.4,15.9
Jake Lamb,SEA,571875,2022,111,41,0.215,0.39,0.314,0.314,0.175,91.5,100.7100847,15,11.9,39,22
Jason Vosler,SFG,613564,2022,111,36,0.244,0.376,0.312,0.326,0.132,84.7,96.15638714,15.2,4.3,50,30
Mickey Moniak,LAA,666160,2022,112,37,0.155,0.262,0.203,0.193,0.107,84.9,98.71953742,19.1,7.9,49.2,19
Kerry Carpenter,DET,681481,2022,113,31,0.209,0.394,0.292,0.271,0.186,87.2,97.78984056,14.5,11.1,44.4,22.2
Aramis Garcia,CIN,605244,2022,115,47,0.212,0.314,0.247,0.246,0.102,87.5,98.56716378,19.6,2.6,36.8,28.9
Corbin Carroll,ARI,682998,2022,115,32,0.221,0.359,0.293,0.295,0.138,85.8,97.22994378,9.1,5.5,37,27.4
Skye Bolt,OAK,621450,2022,116,42,0.194,0.321,0.258,0.256,0.127,89.2,98.38047105,9.3,5.2,37.7,22.1
Bradley Zimmer,PHI,605548,2022,117,109,0.138,0.268,0.225,0.22,0.13,87,99.04026214,10.5,11.5,31.1,13.1
Eli White,TEX,642201,2022,117,47,0.183,0.293,0.255,0.261,0.11,86.4,97.84037714,21.5,4.6,40,18.5
Taylor Trammell,SEA,666211,2022,117,43,0.206,0.357,0.292,0.294,0.151,88.3,97.77618143,20.5,9.9,38,16.9
Michael Toglia,COL,669911,2022,120,31,0.218,0.305,0.261,0.276,0.088,87.4,99.72292059,17,7.5,46.3,26.9
Garrett Stubbs,PHI,596117,2022,121,46,0.207,0.299,0.275,0.3,0.092,85.2,96.09875257,15.2,5.2,50.6,22.1
Nate Eaton,KCR,681987,2022,122,44,0.233,0.352,0.297,0.307,0.12,85.8,96.58405675,13.6,5,28.7,31.3
Bligh Madris,PIT,676632,2022,123,39,0.211,0.309,0.262,0.275,0.098,88.9,99.38113268,10.5,4.9,39,19.5
Mike Zunino,TBR,572287,2022,123,36,0.182,0.329,0.252,0.232,0.147,91.8,101.8186134,20.8,8.6,42.9,25.7
Richie Palacios,CLE,680700,2022,123,54,0.244,0.31,0.277,0.308,0.066,85,95.27551,13.5,1.1,31.2,24.7
Charlie Culberson,TEX,518586,2022,124,68,0.226,0.303,0.251,0.258,0.077,85.3,95.64760214,5.9,1.1,38.6,19.3
Jose Herrera,ARI,645444,2022,124,47,0.152,0.18,0.186,0.215,0.029,84.7,92.61374816,3,0,43.2,17.3
Alan Trejo,COL,676701,2022,125,35,0.242,0.375,0.291,0.285,0.133,86.2,96.4199907,13.6,4.6,44.8,25.3
Dermis Garcia,OAK,660650,2022,125,39,0.167,0.324,0.244,0.227,0.157,86.5,100.7734916,12.2,13.1,55.7,18
Seth Beer,ARI,666179,2022,126,38,0.215,0.315,0.276,0.302,0.101,85.9,97.17208925,10.7,3.7,35.8,29.6
David Bote,CHC,623520,2022,127,41,0.233,0.354,0.289,0.293,0.122,92.4,102.8376175,7.9,6.9,43.1,30.6
Kody Clemens,DET,665019,2022,127,56,0.193,0.325,0.249,0.242,0.132,89.4,98.28613861,17.4,5.8,54.7,17.4
Andy Ibanez,TEX,628451,2022,128,40,0.214,0.344,0.272,0.27,0.13,88.3,98.3653451,14.9,6.1,26.5,12.2
Colin Moran,CIN,592567,2022,128,42,0.233,0.383,0.318,0.328,0.15,90.4,99.49923829,10.3,8.5,47.6,20.7
Oscar Mercado,PHI,640458,2022,128,55,0.203,0.35,0.258,0.239,0.147,86.3,96.40011809,22.2,6.5,45.2,18.3
Alcides Escobar,WSN,444876,2022,131,40,0.21,0.264,0.233,0.252,0.054,81.8,92.49263022,15.7,1.1,26.1,30.4
Alex Call,WSN,669743,2022,131,47,0.209,0.29,0.279,0.311,0.081,86.3,96.20086405,18.4,1.2,48.8,22.6
Gunnar Henderson,BAL,683002,2022,132,34,0.25,0.432,0.338,0.341,0.181,92.4,103.0400356,2,9.8,40.2,23.2
Michael Perez,NYM,605421,2022,132,45,0.205,0.359,0.276,0.266,0.154,88.8,98.19278067,18.3,7.8,45.6,21.1
Sam Huff,TEX,669087,2022,132,44,0.226,0.385,0.294,0.29,0.159,88.9,99.99883625,9.7,10.1,48.1,26.6
Greg Allen,PIT,656185,2022,134,46,0.176,0.246,0.229,0.251,0.07,87.6,97.13406027,8.5,2.5,50,17.5
Austin Romine,CIN,519222,2022,136,51,0.159,0.248,0.195,0.19,0.09,87.2,98.51949366,9.5,4.7,29.4,14.1
Luke Williams,MIA,663897,2022,136,79,0.198,0.272,0.233,0.251,0.074,83.3,94.44903675,16.7,3.6,41,24.1
Stephen Piscotty,OAK,572039,2022,139,42,0.216,0.353,0.275,0.278,0.137,90.4,99.744957,10.4,6.3,37.5,31.3
Miguel Andujar,PIT,609280,2022,140,36,0.253,0.351,0.281,0.281,0.098,84.4,97.70636815,9.2,3.7,34.3,28.7
Darick Hall,PHI,669742,2022,142,41,0.232,0.462,0.312,0.264,0.23,91.4,101.6371072,18.6,17.4,40.2,23.9
Ryan O'Hearn,KCR,656811,2022,145,67,0.271,0.425,0.327,0.321,0.154,92.1,102.062682,13.4,7,43,28
Austin Meadows,DET,640457,2022,147,36,0.308,0.46,0.38,0.398,0.153,87.8,99.92875073,17.2,6.3,36,27
Mike Ford,LAA,645801,2022,149,50,0.21,0.302,0.278,0.306,0.092,88.7,99.09836065,18.1,3.3,50.5,28.6
Jason Heyward,CHC,518792,2022,151,48,0.218,0.322,0.278,0.29,0.105,87.6,99.79527264,13.1,4.8,51.4,21
Kevin Smith,OAK,675656,2022,151,47,0.189,0.322,0.239,0.225,0.133,87,98.08736939,16.4,7.8,32.4,16.7
Dominic Smith,NYM,642086,2022,152,58,0.219,0.36,0.293,0.299,0.141,89.6,99.660695,10.9,7.1,33.3,20.2
Shea Langeliers,OAK,669127,2022,153,40,0.2,0.345,0.261,0.247,0.144,87.3,99.08648674,16.9,9.9,54.9,25.3
Matt Carpenter,NYY,572761,2022,154,47,0.231,0.485,0.362,0.351,0.254,89.8,99.67298044,22.4,13.7,57.9,25.3
Riley Adams,WSN,656180,2022,155,48,0.2,0.354,0.276,0.267,0.154,90.2,101.327464,13.5,9.4,45.8,18.8
Alejo Lopez,CIN,664670,2022,156,59,0.249,0.329,0.28,0.303,0.08,83.8,94.42221,9.3,0.8,35.5,30.6
Alex Kirilloff,MIN,666135,2022,156,45,0.232,0.369,0.282,0.274,0.138,89.3,99.63492946,6.1,6.4,31.8,15.5
Lorenzo Cain,MIL,456715,2022,156,43,0.2,0.253,0.23,0.25,0.053,87.9,99.01078546,3.8,0,34.5,20
Vaughn Grissom,ATL,687093,2022,156,41,0.259,0.412,0.326,0.328,0.153,84.6,97.00660667,9,7.4,44.4,27.8
Hanser Alberto,LAD,593643,2022,159,73,0.216,0.304,0.234,0.231,0.088,82.9,93.79163516,10.8,1.5,42,19.8
Kurt Suzuki,LAA,435559,2022,159,51,0.191,0.281,0.255,0.276,0.09,85.2,95.15794143,24.1,3.5,45.1,21.2
Jake Meyers,HOU,676694,2022,160,52,0.205,0.292,0.251,0.254,0.086,87.3,98.54444,7.2,5.2,42.3,25.8
Mike Brosseau,MIL,670712,2022,160,69,0.213,0.359,0.3,0.307,0.146,89.1,98.50937489,14.6,8.6,35.5,22.6
Kyle Garlick,MIN,664247,2022,162,66,0.227,0.423,0.305,0.279,0.195,90.2,101.3998656,15.1,9.7,47.6,22.3
Vidal Brujan,TBR,660644,2022,162,52,0.189,0.256,0.236,0.256,0.066,86.1,96.40089607,14.2,2.7,40.2,21.4
Tyler Wade,LAA,642180,2022,163,67,0.212,0.278,0.248,0.267,0.065,83.9,93.73813367,11.5,1.7,32.8,24.4
Johan Camargo,PHI,622666,2022,166,52,0.225,0.309,0.267,0.286,0.084,86.4,96.28507298,11.6,2.6,41.4,26.7
Luis Torrens,SEA,620443,2022,166,55,0.236,0.333,0.284,0.299,0.097,90.3,99.27666686,8.9,4.9,29.1,30.1
Jason Delay,PIT,641511,2022,167,57,0.2,0.251,0.23,0.253,0.051,84.9,95.00027509,15.7,1.9,39.6,26.4
Charles Leblanc,MIA,641779,2022,169,48,0.218,0.368,0.285,0.278,0.15,87.3,98.56984941,16.9,8.7,42.7,25.2
Nomar Mazara,SDP,608577,2022,171,55,0.25,0.357,0.294,0.303,0.106,86.1,97.01611133,17.6,4.2,33.6,26.9
Oswaldo Cabrera,NYY,665828,2022,171,44,0.22,0.361,0.287,0.288,0.141,86.8,97.58687491,21.5,6.3,34.8,25
Ryan McKenna,BAL,663630,2022,172,104,0.21,0.331,0.267,0.271,0.121,86.7,97.3643112,15.4,9.6,40.4,25
Edward Olivares,KCR,658668,2022,174,53,0.288,0.433,0.339,0.339,0.145,89.2,99.96622079,6.6,6.3,43.7,28.6
Jose Barrero,CIN,676480,2022,174,48,0.14,0.211,0.18,0.185,0.071,87.5,98.19336273,17.7,2.2,40.4,21.3
Lewin Diaz,MIA,650331,2022,174,58,0.167,0.262,0.219,0.223,0.095,88.3,97.25849148,15.6,5.6,43.5,21.3
Tyler Heineman,PIT,623168,2022,174,62,0.248,0.293,0.273,0.305,0.045,82.7,92.65130567,19.9,0,38.2,22.2
Curt Casali,SEA,592200,2022,176,57,0.189,0.325,0.289,0.309,0.136,87.1,98.0141006,25.4,6,46,23
Austin Wynns,SFG,642851,2022,177,65,0.223,0.318,0.267,0.279,0.096,84.1,96.16262159,10.4,4,37.3,23.8
Jake Cave,MIN,595909,2022,177,54,0.213,0.395,0.285,0.261,0.182,90.7,99.52671881,14.4,10.3,24.8,22.2
Rob Refsnyder,BOS,608701,2022,177,57,0.286,0.472,0.374,0.371,0.187,89.9,100.5569911,13.1,10.9,39.1,34.5
Tucupita Marcano,PIT,672779,2022,177,49,0.176,0.243,0.213,0.228,0.068,84.7,94.10055707,11.1,1.6,41.8,20.5
Ernie Clement,OAK,676391,2022,179,69,0.235,0.328,0.277,0.29,0.093,85,94.79825221,11.8,3.6,30.7,18.6
Trevor Larnach,MIN,663616,2022,180,51,0.227,0.442,0.322,0.303,0.215,90.1,101.4316113,13.1,11.4,38.1,18.1
Bubba Thompson,TEX,669352,2022,181,55,0.171,0.234,0.203,0.212,0.064,84.8,95.6266222,5.3,1.7,32.8,14.7
David Villar,SFG,681584,2022,181,52,0.189,0.327,0.285,0.296,0.139,86.8,97.5144976,17.8,9.1,36.4,19.2
Jarred Kelenic,SEA,672284,2022,181,54,0.172,0.351,0.269,0.252,0.179,86,99.0507575,18,13.6,27.2,16.5
Kris Bryant,COL,592178,2022,181,42,0.279,0.426,0.344,0.352,0.147,85,96.85815,13.5,6.7,42.2,22.2
Nick Pratto,KCR,668472,2022,182,49,0.173,0.322,0.267,0.266,0.149,86,98.38469213,19.7,12.5,43.8,17.7
Jake Burger,CHW,669394,2022,183,51,0.225,0.46,0.318,0.281,0.235,90.7,102.6530113,12.3,14.9,40.4,21.1
Tyler Stephenson,CIN,663886,2022,183,50,0.26,0.394,0.318,0.323,0.134,87.1,97.52146951,11.1,6.6,46.3,36.4
Jed Lowrie,OAK,476704,2022,184,50,0.197,0.281,0.247,0.264,0.085,86.2,96.19590092,16.3,3.1,45.4,21.5
Tyler Nevin,BAL,663527,2022,184,58,0.214,0.326,0.293,0.316,0.111,87.3,98.35686526,17.7,3.5,36,25.4
Elehuris Montero,COL,660707,2022,185,53,0.213,0.338,0.26,0.251,0.125,89.8,100.5246983,13.2,8.6,37.9,28.4
Zach McKinstry,CHC,656716,2022,185,57,0.229,0.342,0.288,0.3,0.113,86.4,96.76048842,12.9,4.3,42.2,31
Kevin Plawecki,TEX,608700,2022,186,63,0.228,0.299,0.268,0.294,0.071,89.3,99.15892279,11.4,0,37.7,25.4
Jonah Bride,OAK,681146,2022,187,58,0.217,0.3,0.282,0.314,0.084,86.9,96.77469818,11.5,1.5,40.2,26.5
Edmundo Sosa,PHI,624641,2022,190,78,0.244,0.35,0.286,0.291,0.106,86.8,97.43285344,11.4,5.5,42.2,26.6
Yu Chang,BOS,644374,2022,190,69,0.213,0.357,0.29,0.294,0.144,88.8,99.67517875,14.3,9,39.6,25.2
James McCann,NYM,543510,2022,191,61,0.24,0.414,0.311,0.298,0.174,90.2,100.2376597,16.3,6.9,30,26.2
Stephen Vogt,OAK,519390,2022,191,70,0.211,0.35,0.282,0.287,0.138,87,96.25685778,21,7.9,41.3,23.8
Josh VanMeter,PIT,642165,2022,192,67,0.224,0.341,0.288,0.301,0.117,88.1,97.48909453,14.3,4.7,34.4,25
Anthony Rendon,LAA,543685,2022,193,47,0.241,0.392,0.331,0.343,0.151,89.6,99.08256258,18.7,8.3,39.1,26.3
Yoshi Tsutsugo,PIT,660294,2022,193,50,0.197,0.285,0.254,0.275,0.088,88.8,98.36665742,10.1,5.6,29.8,22.6
Michael Massey,KCR,686681,2022,194,52,0.243,0.45,0.332,0.31,0.207,89.3,99.03669065,16.4,13,50.4,22.9
Tommy La Stella,SFG,600303,2022,195,60,0.232,0.329,0.267,0.276,0.097,87.9,97.04565091,14.6,2,37.3,28.1
Odubel Herrera,PHI,546318,2022,197,62,0.225,0.348,0.272,0.268,0.123,86.9,99.93377814,4,4.9,38.2,17.4
Josh Lowe,TBR,666139,2022,198,52,0.212,0.339,0.272,0.276,0.127,88.3,98.49733103,11.4,5.2,29.3,31
Sam Hilliard,COL,656541,2022,200,70,0.216,0.361,0.303,0.312,0.145,92,102.6165658,13.4,9.2,31.9,21
Cooper Hummel,ARI,669450,2022,201,66,0.21,0.332,0.292,0.307,0.122,87.6,99.53641643,7.7,7.1,41.6,20.4
Sam Haggerty,SEA,664059,2022,201,83,0.23,0.33,0.285,0.313,0.1,86,96.38917,13.6,4,43.7,24.6
Brian Serven,COL,661531,2022,205,62,0.212,0.291,0.254,0.271,0.08,84.5,96.24520514,12.5,2.7,39.7,26
Seby Zavala,CHW,664874,2022,205,61,0.207,0.326,0.283,0.295,0.119,88.8,98.11221069,22.7,9.2,39.5,29.4
Luke Maile,CLE,571912,2022,206,76,0.194,0.301,0.263,0.278,0.107,84.5,95.94367523,17,5.4,38.5,20.8
Nelson Velazquez,CHC,676369,2022,206,77,0.209,0.399,0.305,0.291,0.19,89.2,100.2654897,12.3,13.3,39.2,20
Marwin Gonzalez,NYY,503556,2022,207,85,0.217,0.345,0.282,0.286,0.128,88,98.90111576,19.4,5.9,47.4,24.4
Austin Barnes,LAD,605131,2022,212,62,0.21,0.329,0.298,0.323,0.118,87.4,98.04809409,13.6,4.8,33.8,20
Mitch Garver,TEX,641598,2022,215,54,0.222,0.405,0.319,0.313,0.182,88.9,99.51728623,18.4,8.8,56.2,21.2
Jose Azocar,SDP,640492,2022,216,98,0.241,0.317,0.272,0.285,0.077,88.3,97.40705079,9.4,2.5,20,21.3
Ezequiel Duran,TEX,677649,2022,220,58,0.216,0.317,0.256,0.259,0.101,85.9,97.9242875,9.5,4.5,39.6,20.8
Jonathan Villar,LAA,542340,2022,220,59,0.208,0.283,0.247,0.262,0.075,89.6,100.6715924,-0.7,2.7,30.1,19.2
Robinson Chirinos,BAL,455139,2022,220,67,0.168,0.281,0.245,0.255,0.113,84.8,97.47200328,17.6,6.9,49.2,20.8
Kevin Kiermaier,TBR,595281,2022,221,63,0.25,0.388,0.305,0.301,0.138,87.9,98.88618616,5.3,6.9,32.4,20.7
Ildemaro Vargas,WSN,545121,2022,222,63,0.227,0.305,0.255,0.265,0.078,87,96.94362674,7.4,2.1,32.4,22.3
Jarren Duran,BOS,680776,2022,223,58,0.219,0.353,0.282,0.281,0.134,89.3,99.17022118,7.6,7.7,30.3,16.9
Sergio Alcantara,SDP,642727,2022,224,93,0.209,0.291,0.244,0.254,0.082,86.6,95.87326474,13.5,1.9,40.3,20.8
Akil Baddoo,DET,668731,2022,225,73,0.192,0.27,0.253,0.278,0.078,85,96.42330597,14.2,3.6,34.3,21.2
Brett Phillips,BAL,621433,2022,225,83,0.156,0.244,0.22,0.23,0.088,88.5,97.43257189,22.8,4.5,46.4,23.2
Garrett Hampson,COL,641658,2022,226,90,0.202,0.29,0.261,0.282,0.087,86.5,96.78344308,10.2,4.3,31.2,22
David Fletcher,LAA,664058,2022,228,61,0.285,0.344,0.295,0.317,0.059,82.1,91.09124866,15,0,33.2,31.7
Nick Madrigal,CHC,663611,2022,228,59,0.256,0.312,0.283,0.313,0.055,85.9,94.9698708,-0.2,0,26.1,23.9
P.J. Higgins,CHC,664731,2022,229,74,0.205,0.287,0.264,0.29,0.081,86,95.70914157,8.7,3.4,34.7,27.2
Cal Mitchell,PIT,668751,2022,232,69,0.238,0.358,0.292,0.297,0.121,89.9,99.04259124,7.5,4.9,45.7,30.2
Didi Gregorius,PHI,544369,2022,232,63,0.237,0.327,0.275,0.288,0.091,84.5,94.45271854,15.8,2.8,32.8,22.8
Jordan Luplow,ARI,656669,2022,234,83,0.198,0.351,0.288,0.293,0.153,87.2,97.87709507,17.7,7.5,50,14.4
Orlando Arcia,ATL,606115,2022,234,67,0.253,0.421,0.329,0.327,0.168,90.7,100.2107806,11.7,7.5,41.9,18.8
Albert Almora ,CIN,546991,2022,235,64,0.233,0.307,0.27,0.292,0.075,84,95.82866096,6.7,1.8,42.1,23.4
Ryan Jeffers,MIN,680777,2022,236,67,0.218,0.424,0.315,0.295,0.206,88.2,101.1520739,18.2,13.2,38.4,21.9
Paul DeJong,STL,657557,2022,237,77,0.182,0.327,0.267,0.267,0.146,87.6,99.54211149,21.7,9.8,45.1,21.8
JJ Bleday,MIA,668709,2022,238,65,0.19,0.315,0.28,0.297,0.126,86.3,97.36322843,25,8.6,49.6,25.2
Joey Meneses,WSN,608841,2022,240,56,0.267,0.457,0.332,0.315,0.19,91.4,101.5522495,9.5,9.9,34.3,25.6
Nick Fortes,MIA,663743,2022,240,72,0.249,0.398,0.319,0.322,0.148,89.3,99.46057188,15.4,7,40.7,20.3
Brad Miller,TEX,543543,2022,241,81,0.205,0.344,0.269,0.264,0.139,91.1,100.0334374,14.1,7.8,30.7,19.6
Jazz Chisholm,MIA,665862,2022,241,60,0.242,0.473,0.345,0.32,0.23,90.4,100.6693362,15.5,16.7,48.7,20.7
Jake Fraley,CIN,641584,2022,247,68,0.248,0.417,0.333,0.338,0.168,85.1,96.82905086,13.8,7.3,44.5,23.2
Matt Duffy,LAA,622110,2022,247,77,0.234,0.333,0.28,0.293,0.098,87.1,96.07908618,9.9,2.8,24.7,25.3
Mitch Haniger,SEA,571745,2022,247,57,0.245,0.45,0.328,0.309,0.205,91.9,101.9966907,18.2,11.8,44.1,23
Danny Jansen,TOR,643376,2022,248,72,0.264,0.514,0.368,0.344,0.25,90.4,101.1722949,22.2,13.1,50,18.8
Kyle Higashioka,NYY,543309,2022,248,83,0.254,0.444,0.317,0.291,0.191,90.9,101.2316783,17.2,9.8,44.3,25.1
LaMonte Wade ,SFG,664774,2022,251,77,0.221,0.407,0.321,0.317,0.187,87.7,98.05927131,21.1,9.5,38.5,17.8
Josh H. Smith,TEX,669701,2022,253,73,0.224,0.313,0.296,0.33,0.09,87,96.1248711,19.2,2.4,36.3,25.6
Vimael Machin,OAK,605353,2022,253,73,0.243,0.343,0.301,0.323,0.1,89.3,98.58800967,10.2,3.9,29.6,25.7
Dylan Moore,SEA,664238,2022,255,104,0.202,0.36,0.322,0.35,0.158,87.2,98.98284769,20.7,12.9,38.6,22
Trayce Thompson,LAD,572204,2022,255,80,0.251,0.496,0.366,0.35,0.245,92.2,103.3034491,16.4,16.4,55.5,31.3
TJ Friedl ,CIN,670770,2022,258,72,0.215,0.335,0.283,0.295,0.119,87.2,97.32163411,19.8,4.7,44.5,20.4
Adam Engel,CHW,641553,2022,260,119,0.219,0.287,0.246,0.264,0.068,87.9,98.58918857,15,1.8,40.8,27.8
Cristian Pache,OAK,665506,2022,260,91,0.228,0.3,0.259,0.276,0.072,89.4,100.2077131,3.8,3.4,42.5,19.5
Mauricio Dubon,HOU,643289,2022,265,104,0.24,0.331,0.272,0.28,0.091,84.7,96.43657229,16.7,2.3,34.4,20.4
Brandon Lowe,TBR,664040,2022,266,65,0.237,0.401,0.32,0.322,0.164,89.4,99.9186569,16.6,10.3,38.3,24.6
Keston Hiura,MIL,669374,2022,266,80,0.205,0.425,0.317,0.297,0.221,91.7,103.0030663,16.1,15.3,37.9,24.2
Ozzie Albies,ATL,645277,2022,269,64,0.239,0.387,0.297,0.29,0.148,87.1,96.49779216,16.9,5.4,46.6,21.1
Eddie Rosario,ATL,592696,2022,270,80,0.2,0.318,0.25,0.249,0.118,87.7,97.16129253,15.2,5.4,38.4,23.8
Yadier Molina,STL,425877,2022,270,78,0.23,0.328,0.254,0.251,0.098,84.7,95.0195225,16.9,3.1,36.3,20.2
Matt Reynolds,CIN,608703,2022,272,93,0.215,0.305,0.272,0.294,0.09,90.2,99.45032783,5.6,3,26.3,26.3
Jorge Alfaro,SDP,595751,2022,274,82,0.238,0.397,0.295,0.278,0.16,89.4,102.0209396,8,11.2,31.1,26.7
Juan Yepez,STL,660766,2022,274,76,0.216,0.394,0.286,0.263,0.178,86.5,98.66909102,17.1,9.2,42.9,19.9
Reese McGuire,BOS,624512,2022,274,89,0.233,0.326,0.267,0.276,0.092,87,96.3747474,14.1,2.5,36.1,28.2
Franchy Cordero,BOS,614173,2022,275,84,0.228,0.402,0.313,0.31,0.174,89.7,103.4807285,12.7,12.3,40.3,26.6
Aristides Aquino,CIN,606157,2022,276,80,0.18,0.317,0.243,0.231,0.136,85.6,99.16803714,17.4,8.2,45.6,17.1
Michael Brantley,HOU,488726,2022,277,64,0.31,0.467,0.374,0.39,0.158,89.8,99.73980132,10.7,6,37.2,30.7
Pavin Smith,ARI,656976,2022,277,75,0.216,0.379,0.304,0.3,0.163,87.9,98.3979178,15.2,9.9,38.1,17.7
Kyle Isbel,KCR,664728,2022,278,106,0.22,0.323,0.266,0.273,0.102,89.7,100.4664227,10.6,4.9,47.3,25.5
Rodolfo Castro,PIT,666801,2022,278,71,0.21,0.354,0.28,0.276,0.144,87.3,99.31755,11.7,6.7,38.9,17.2
Diego Castillo,PIT,660636,2022,283,96,0.224,0.389,0.292,0.273,0.164,89.1,98.73644073,14.6,9.9,40.8,20.4
Jo Adell,LAA,666176,2022,285,88,0.201,0.315,0.251,0.245,0.114,87.4,99.58918691,16.7,9.9,45.7,25.3
Mike Moustakas,CIN,519058,2022,285,78,0.195,0.307,0.27,0.281,0.112,87.6,98.85222256,19.4,6.1,38.3,23.3
Wil Myers,SDP,571976,2022,286,77,0.225,0.373,0.288,0.285,0.148,88.5,98.80488852,13,7.3,35.4,26.4
Alfonso Rivas ,CHC,663845,2022,287,101,0.219,0.308,0.281,0.309,0.09,86.9,98.4498984,4.9,4.2,32.3,26.3
Joey Bart,SFG,663698,2022,291,97,0.21,0.37,0.296,0.292,0.16,87.3,101.2897253,16.3,10.1,51.7,22.1
Frank Schwindel,CHC,643524,2022,292,75,0.23,0.351,0.278,0.281,0.121,88.1,98.51278963,10.2,4.7,42.3,23.3
Andrew Knizner,STL,668800,2022,293,96,0.219,0.306,0.28,0.305,0.087,86,97.69422667,15.6,3.5,36.7,17.6
Sheldon Neuse,OAK,641914,2022,293,89,0.212,0.291,0.254,0.272,0.079,89.1,98.98322245,1.5,3.1,24.6,20.4
Yan Gomes,CHC,543228,2022,293,86,0.251,0.379,0.287,0.278,0.127,85.3,96.73546647,9.4,3.4,40.9,26.8
Omar Narvaez,MIL,553882,2022,296,84,0.207,0.293,0.268,0.294,0.087,84.7,94.07835618,17.7,2.4,37.7,24.2
Corey Dickerson,STL,572816,2022,297,96,0.263,0.371,0.292,0.297,0.107,87.7,97.88866786,10.6,3.8,35.7,25.1
Brandon Belt,SFG,474832,2022,298,78,0.215,0.412,0.326,0.328,0.197,88.4,99.26448905,23.4,12.6,36.8,22.4
Evan Longoria,SFG,446334,2022,298,89,0.233,0.437,0.324,0.309,0.204,91.1,101.5924866,18.2,12.4,43,24.2
Vinnie Pasquantino,KCR,686469,2022,298,72,0.289,0.476,0.374,0.38,0.187,91.2,101.1973366,12.1,8.8,39.8,29.2
Francisco Mejia,TBR,642336,2022,299,93,0.242,0.329,0.262,0.265,0.087,86.8,96.32412266,15.7,2.7,42.2,28.9
Christian Arroyo,BOS,624414,2022,300,87,0.292,0.43,0.33,0.33,0.138,88.9,100.6372642,9.1,6.4,33.2,27.7
CJ Abrams,WSN,682928,2022,302,90,0.241,0.316,0.266,0.277,0.075,86.5,97.18495374,6.8,2.1,32.8,18.5
Cavan Biggio,TOR,624415,2022,303,97,0.193,0.319,0.288,0.311,0.126,87.9,97.2885964,19.6,6.9,46,19.5
Donovan Solano,CIN,456781,2022,304,80,0.268,0.393,0.315,0.325,0.125,88.3,98.95602982,10.7,5.9,34.2,27.4
Jorge Soler,MIA,624585,2022,306,72,0.226,0.421,0.322,0.312,0.196,91.2,103.631341,13.7,12.2,49.7,21
Tucker Barnhart,DET,571466,2022,308,94,0.201,0.264,0.244,0.269,0.063,84.5,95.27582618,10.1,1.9,34.1,21.6
Kevin Newman,PIT,621028,2022,309,78,0.26,0.332,0.285,0.304,0.072,85.8,96.29830143,13.1,1.6,37,28
Harrison Bader,NYY,664056,2022,313,86,0.234,0.321,0.27,0.279,0.088,83.4,96.18059603,16.7,3.4,34.5,20.7
Nolan Gorman,STL,669357,2022,313,89,0.239,0.476,0.341,0.312,0.237,89.2,100.7038713,20,14.4,38.9,27.8
Tomas Nido,NYM,621512,2022,313,98,0.242,0.377,0.287,0.279,0.135,86.3,97.78503301,8.3,6.3,26.6,24.8
Victor Caratini,MIL,605170,2022,314,95,0.233,0.35,0.309,0.332,0.117,89.4,100.6492864,6.6,6.3,33.8,25.1
Adam Duvall,ATL,594807,2022,315,86,0.209,0.395,0.293,0.274,0.186,88.3,100.5660766,23.4,12.8,48.4,20.7
Leury Garcia,CHW,544725,2022,315,97,0.233,0.325,0.258,0.258,0.092,87,97.78178248,6.2,4.2,33.3,20.8
Austin Slater,SFG,596103,2022,325,125,0.259,0.429,0.351,0.363,0.17,89,99.90871355,6.6,10.5,31.1,25.3
Jose Siri,TBR,642350,2022,325,104,0.207,0.323,0.261,0.262,0.116,87.2,99.29557579,15.4,6.2,38.1,19.6
Nick Allen,OAK,669397,2022,326,100,0.21,0.266,0.238,0.259,0.056,83.9,94.3290419,7.6,1.2,27.3,20.7
Aledmys Diaz,HOU,649557,2022,327,92,0.261,0.396,0.308,0.306,0.134,86.6,99.12762921,12.4,6.3,45.3,28.3
Eloy Jimenez,CHW,650391,2022,327,84,0.266,0.512,0.365,0.335,0.246,92.8,103.5456263,7.4,14.7,30.4,21.9
Yadiel Hernandez,WSN,628450,2022,327,94,0.244,0.407,0.31,0.293,0.163,88.8,98.93641235,3.5,8.6,28.3,25.3
Jace Peterson,MIL,607054,2022,328,112,0.235,0.366,0.303,0.316,0.132,88.6,98.36015814,9.7,7.2,38.9,24.5
Christian Bethancourt,TBR,542194,2022,333,100,0.255,0.449,0.318,0.286,0.194,90.1,101.9594542,9.4,11.7,35.6,23.8
Tyler Naquin,NYM,571980,2022,334,105,0.247,0.433,0.317,0.299,0.186,90.3,100.8926083,14.4,9.6,38.1,24.3
Luis Guillorme,NYM,641645,2022,335,102,0.255,0.335,0.302,0.335,0.08,86.2,95.53920878,4.3,2.4,28.1,27.3
Victor Reyes,DET,622682,2022,336,92,0.261,0.368,0.292,0.297,0.107,87.9,98.89917433,10.9,5,38,28.5
Austin Hedges,CLE,595978,2022,338,105,0.183,0.264,0.24,0.26,0.082,84.2,94.91210239,16.7,3.1,41,23.6
Leody Taveras,TEX,665750,2022,341,99,0.23,0.322,0.27,0.281,0.092,89.3,99.30702739,12,4.3,34.3,24.3
Jesus Sanchez,MIA,660821,2022,343,98,0.226,0.383,0.298,0.29,0.158,89.5,101.7104571,11,9.9,41.9,19.4
Wander Franco,TBR,677551,2022,344,83,0.285,0.408,0.331,0.34,0.123,87.3,98.42876741,8.2,4.6,32.6,29.1
Gilberto Celestino,MIN,665482,2022,347,122,0.219,0.294,0.27,0.297,0.075,87.3,98.33701431,-1.9,2.5,28.4,22
Lars Nootbaar,STL,663457,2022,347,108,0.247,0.414,0.346,0.36,0.167,91.7,101.7904003,10.7,12.1,43.8,23.7
Andrew Velazquez,LAA,623205,2022,349,125,0.202,0.312,0.246,0.243,0.11,88,98.78037309,8.2,6.6,30.7,20.3
Luis Gonzalez,SFG,670768,2022,350,98,0.215,0.306,0.268,0.289,0.091,86.9,97.6986764,10.9,2.9,29,20.3
Albert Pujols,STL,405395,2022,351,109,0.262,0.499,0.365,0.343,0.237,91.2,102.0644369,16.4,12,52.3,20.5
Eric Haase,DET,606992,2022,351,110,0.239,0.399,0.302,0.292,0.161,87.7,100.5070015,17,8.7,41.9,25.8
Tim Anderson,CHW,641313,2022,351,79,0.302,0.438,0.34,0.34,0.136,88.2,98.95756051,3.3,5.8,31,27.4
Abraham Toro,SEA,647351,2022,352,109,0.226,0.372,0.284,0.277,0.146,87,97.17254735,16.7,6.8,42.2,18.3
Bobby Dalbec,BOS,666915,2022,353,117,0.216,0.379,0.296,0.287,0.163,90.3,101.2465319,15.2,11.8,35.5,21.2
Jose Trevino,NYY,624431,2022,353,115,0.239,0.364,0.281,0.275,0.125,87.9,98.39682326,13,5.1,35.4,23.4
Carson Kelly,ARI,608348,2022,354,104,0.225,0.345,0.288,0.298,0.12,87.7,98.3885,14.7,5.2,38.8,22.8
Jake McCarthy,ARI,664983,2022,354,99,0.249,0.357,0.298,0.31,0.108,87.4,98.23593151,8,4.8,34.9,23.3
Bryan De La Cruz,MIA,650559,2022,355,115,0.287,0.498,0.355,0.327,0.212,90.8,101.4077736,9.8,11.9,38.7,30.5
Matt Vierling,PHI,663837,2022,357,117,0.279,0.408,0.327,0.331,0.129,91.2,101.2112128,12,5,28.4,27.6
Emmanuel Rivera,ARI,656896,2022,359,102,0.238,0.41,0.31,0.296,0.173,90.4,99.96019637,9.8,9.3,39.1,20.6
Oneil Cruz,PIT,665833,2022,361,87,0.223,0.41,0.304,0.286,0.188,91.9,104.6620673,8.3,15.5,41.3,21.4
Manuel Margot,TBR,622534,2022,363,89,0.264,0.357,0.299,0.316,0.092,89.5,99.95842854,10.2,3.7,26,26.8
J.D. Davis,SFG,605204,2022,365,115,0.245,0.471,0.353,0.338,0.227,92.4,103.9667302,12.3,16.2,35.9,25.3
Jackie Bradley ,TOR,598265,2022,370,131,0.223,0.33,0.268,0.273,0.107,87.6,98.07188135,7.4,4.8,39.8,21.2
Joey Wendle,MIA,621563,2022,371,101,0.25,0.331,0.276,0.289,0.081,87.5,98.00221362,3,1.7,31.6,23.3
Rafael Ortega,CHC,542364,2022,371,118,0.241,0.346,0.307,0.334,0.104,87.2,97.44774642,17.1,4.8,40.4,24.8
Jack Suwinski,PIT,669261,2022,372,106,0.204,0.393,0.307,0.3,0.189,88.3,100.2212275,14.3,12.2,43.7,16
Max Stassi,LAA,545358,2022,375,102,0.18,0.325,0.266,0.268,0.145,88.6,98.97265351,9.5,9.4,35.4,14.8
Joey Votto,CIN,458015,2022,376,91,0.218,0.39,0.322,0.331,0.172,89.7,100.4248279,14.2,11.1,37.8,20
William Contreras,ATL,661388,2022,376,97,0.243,0.479,0.347,0.323,0.235,90.4,102.3349623,6.1,13.4,36.6,18.5
Yasmani Grandal,CHW,518735,2022,376,99,0.217,0.319,0.29,0.317,0.102,90,99.46926856,12.1,4.8,35.2,27.2
Luis Garcia,WSN,671277,2022,377,93,0.26,0.409,0.305,0.285,0.149,87.3,98.96362743,5.5,7.5,34.5,25.6
Chad Pinder,OAK,640461,2022,379,111,0.235,0.38,0.28,0.263,0.145,87.5,100.0682988,9.7,6.5,36.2,22.8
Martin Maldonado,HOU,455117,2022,379,113,0.181,0.325,0.253,0.245,0.144,88.4,98.98773351,14.7,8.1,41.9,20.9
Avisail Garcia,MIA,541645,2022,380,98,0.23,0.366,0.281,0.273,0.136,88.7,101.4603673,2.8,6.4,31.2,19.6
Elias Diaz,COL,553869,2022,381,105,0.222,0.339,0.274,0.278,0.117,88.4,100.058293,11.1,5.9,32.4,21
Isaac Paredes,TBR,670623,2022,381,111,0.21,0.348,0.297,0.31,0.138,87.4,98.3555385,15.8,6.4,49.2,17.7
Byron Buxton,MIN,621439,2022,382,92,0.242,0.509,0.358,0.323,0.267,92.9,103.7774739,21.4,16.4,54.2,21.3
Oscar Gonzalez,CLE,660757,2022,382,91,0.279,0.422,0.32,0.313,0.143,88.6,101.0452609,5.4,7.3,38.8,26.6
Brian Anderson,MIA,605119,2022,383,98,0.229,0.379,0.309,0.317,0.15,88.7,100.372461,7.7,9.7,38.7,21.4
Ramon Laureano,OAK,657656,2022,383,94,0.219,0.402,0.307,0.294,0.183,88.7,100.0415383,14.9,11.6,41.3,18.6
Tyler O'Neill,STL,641933,2022,383,96,0.24,0.423,0.331,0.324,0.183,89.8,101.0281538,13.6,11.3,42,25.2
Jacob Stallings,MIA,607732,2022,384,114,0.221,0.312,0.274,0.292,0.091,86.7,96.72552773,12.9,3.4,28.9,21.4
Jean Segura,PHI,516416,2022,387,98,0.254,0.363,0.303,0.316,0.109,87.6,99.50767231,4.3,4.4,25.6,20.9
Darin Ruf,NYM,573131,2022,388,118,0.219,0.371,0.31,0.321,0.153,89.2,100.4811817,14.8,8.6,42.2,20.7
Maikel Franco,WSN,596748,2022,388,103,0.243,0.351,0.272,0.27,0.108,87,98.81845838,11.5,4.7,44.1,24.1
Willi Castro,DET,650489,2022,392,112,0.261,0.339,0.29,0.304,0.079,84.8,97.16575155,13.9,3.5,32.1,23.7
Trevor Story,BOS,596115,2022,396,94,0.221,0.397,0.301,0.29,0.176,88.9,100.6136353,17.8,11.3,38.5,24.3
Austin Nola,SDP,543592,2022,397,110,0.256,0.351,0.305,0.33,0.095,89.4,98.96036061,12,2.4,42.1,27.3
Luis Robert ,CHW,673357,2022,401,98,0.272,0.449,0.327,0.307,0.178,89.3,101.4542129,10,8.9,34.2,26.3
Enrique Hernandez,BOS,571771,2022,402,93,0.238,0.356,0.296,0.308,0.119,87.8,98.74127898,17.1,5.8,43.9,23.5
Jon Berti,MIA,542932,2022,404,102,0.236,0.358,0.306,0.322,0.122,88,98.78215978,4.7,5.9,30,22.2
Spencer Torkelson,DET,679529,2022,404,110,0.226,0.378,0.305,0.307,0.151,90.5,100.7437318,15,8.4,39.2,25.9
Tyrone Taylor,MIL,621438,2022,405,120,0.236,0.412,0.307,0.289,0.176,88,99.15421963,16.9,9.9,40.9,21.5
Chas McCormick,HOU,676801,2022,407,119,0.232,0.414,0.325,0.321,0.183,88.1,98.90310637,12.8,10.2,29.5,22
Victor Robles,WSN,645302,2022,407,132,0.203,0.28,0.244,0.256,0.077,84.6,96.22115258,15.8,3.2,40.1,23.1
Yonathan Daza,COL,602074,2022,408,113,0.282,0.351,0.308,0.333,0.07,84.8,95.18025019,4.6,1.9,34.4,24.4
Gavin Sheets,CHW,657757,2022,410,124,0.224,0.359,0.283,0.281,0.135,88.6,98.93534363,14.8,6.5,38.4,23.5
Joey Gallo,LAD,608336,2022,410,126,0.169,0.373,0.295,0.288,0.205,89.6,103.2191505,23.8,17.6,48.4,20.2
Alek Thomas,ARI,677950,2022,411,113,0.238,0.335,0.277,0.285,0.097,87.4,98.66011818,2.6,3.8,32.1,21.8
Cal Raleigh,SEA,663728,2022,415,119,0.216,0.461,0.324,0.29,0.246,90.9,101.2000736,22.5,15.4,45.8,20.2
Riley Greene,DET,682985,2022,418,93,0.246,0.388,0.316,0.318,0.142,89.5,102.1451681,2.8,9.3,33.6,22.4
Eric Hosmer,BOS,543333,2022,419,104,0.258,0.379,0.311,0.327,0.12,88.4,101.2249128,3.1,5.7,36,21.5
Ji-Man Choi,TBR,596847,2022,419,113,0.236,0.413,0.337,0.347,0.177,92.2,101.2955077,10.6,11.9,40.7,23.7
Nick Senzel,CIN,669222,2022,420,110,0.249,0.355,0.299,0.313,0.106,87.2,97.72590723,11.7,3.3,38,23.7
Ben Gamel,PIT,592325,2022,423,115,0.244,0.372,0.316,0.335,0.128,88.8,99.298905,11.3,6.2,36.1,26.3
Kole Calhoun,TEX,594777,2022,424,125,0.223,0.382,0.294,0.284,0.158,90.8,100.8620318,15.4,9.8,45.9,27.1
Christopher Morel,CHC,666624,2022,425,113,0.233,0.435,0.324,0.307,0.202,89.6,101.8199514,9.1,13.4,39.3,18.2
Josh Harrison,CHW,543281,2022,425,119,0.233,0.335,0.284,0.297,0.102,87.4,96.78355975,14.7,3.8,35.1,21.6
Bryce Harper,PHI,547180,2022,426,99,0.288,0.527,0.38,0.369,0.238,92.1,102.9545936,11.8,12.8,37.9,29.7
Christian Vazquez,HOU,543877,2022,426,119,0.262,0.375,0.301,0.306,0.113,87.9,97.83372434,10.7,5.1,28.3,25.9
Michael Chavis,PIT,656308,2022,426,129,0.217,0.336,0.261,0.256,0.119,85.4,99.52076835,11.1,7.5,38.7,24.4
Travis d'Arnaud,ATL,518595,2022,426,107,0.247,0.412,0.313,0.3,0.166,88.5,99.56737888,11.8,8.5,38.9,22.9
Jonathan India,CIN,663697,2022,431,103,0.238,0.353,0.301,0.318,0.116,85.1,97.40599669,14.5,4.8,44.2,23.6
Joc Pederson,SFG,592626,2022,433,134,0.266,0.502,0.367,0.348,0.236,93.2,103.3473939,14.8,15.1,35.6,22.9
Keibert Ruiz,WSN,660688,2022,433,112,0.277,0.403,0.328,0.338,0.126,88,97.2832479,14.9,3.7,49.6,28.2
Miguel Cabrera,DET,408234,2022,433,112,0.234,0.331,0.275,0.29,0.096,89.9,99.36096187,5,4.7,31.6,25.9
Raimel Tapia,TOR,606132,2022,433,128,0.256,0.366,0.286,0.284,0.11,87.6,99.7014383,4,5.1,30.8,24.3
Yoan Moncada,CHW,660162,2022,433,104,0.22,0.375,0.289,0.282,0.155,88.7,99.51994986,15.7,9.8,34.7,21.1
Harold Ramirez,TBR,623912,2022,435,120,0.28,0.387,0.314,0.324,0.108,88.5,101.0508817,4.8,4.8,35.8,26.3
Michael Harris II,ATL,671739,2022,441,114,0.268,0.46,0.335,0.312,0.192,89.5,102.5816929,4.5,10.1,32.1,22.4
Harold Castro,DET,605612,2022,443,120,0.275,0.423,0.316,0.305,0.148,87,97.10925959,11.4,6.1,32.7,27.5
Nick Gordon,MIN,624503,2022,443,136,0.261,0.464,0.333,0.308,0.203,90.6,99.94910523,12.5,9.4,41.1,25.6
Jorge Polanco,MIN,593871,2022,445,104,0.248,0.451,0.358,0.361,0.203,89,99.92483957,21.7,10.2,46.5,25.4
Ramon Urias,BAL,602104,2022,445,118,0.25,0.42,0.32,0.309,0.17,89.4,100.6902447,11,9.6,37.8,20.5
Max Kepler,MIN,596146,2022,446,115,0.266,0.412,0.338,0.353,0.146,89.1,100.0905855,11.2,7.1,41.7,23.3
Seiya Suzuki,CHC,673548,2022,446,111,0.247,0.419,0.327,0.325,0.172,89.6,100.2442689,11.2,11,28.3,27.2
Jonah Heim,TEX,641680,2022,450,127,0.224,0.361,0.291,0.296,0.137,89.3,99.37956711,17,6.9,50.5,20.9
Giancarlo Stanton,NYY,519317,2022,452,110,0.24,0.477,0.351,0.328,0.236,95,107.8161493,10.8,19.3,32.6,20.8
Aaron Hicks,NYY,543305,2022,453,130,0.218,0.336,0.303,0.333,0.117,87.9,98.07822358,14.8,5.8,44.2,20.5
Chris Taylor,LAD,621035,2022,454,118,0.195,0.34,0.277,0.282,0.145,87.4,98.71116703,20.4,10.2,41.6,28.6
Jared Walsh,LAA,665120,2022,454,118,0.221,0.368,0.28,0.274,0.147,90.1,100.9311938,10.7,9.5,37.9,23.5
Michael A. Taylor,KCR,572191,2022,456,124,0.223,0.358,0.289,0.288,0.135,86.3,98.0051757,12.1,6.8,36.5,21
Brandon Crawford,SFG,543063,2022,458,118,0.217,0.339,0.287,0.3,0.122,88.1,97.90946245,12.3,6.7,34.8,21.7
Brandon Marsh,PHI,669016,2022,461,134,0.226,0.372,0.287,0.279,0.146,89.2,99.62900353,10.9,7.4,30.1,26.1
Daniel Vogelbach,NYM,596129,2022,461,130,0.236,0.428,0.35,0.36,0.192,89.4,99.8176586,15.8,10.6,40.7,24.9
Bryson Stott,PHI,681082,2022,466,127,0.237,0.34,0.284,0.297,0.103,88.1,97.97018994,13.1,4.4,32.6,21.2
Taylor Walls,TBR,670764,2022,466,142,0.196,0.304,0.27,0.29,0.108,86.3,96.12154546,16.6,6.2,33.7,26.8
Connor Joe,COL,656582,2022,467,111,0.241,0.34,0.311,0.342,0.1,85.3,97.62429752,10.6,4.5,36.4,26.3
Jeimer Candelario,DET,600869,2022,467,124,0.228,0.379,0.292,0.284,0.152,87.2,98.35249938,13.5,8.3,39.8,24.4
Jose Iglesias,COL,578428,2022,467,118,0.266,0.323,0.281,0.304,0.056,83.8,95.59219937,6,0.5,37.6,25.4
Brendan Donovan,STL,680977,2022,468,126,0.266,0.365,0.339,0.381,0.099,87.7,98.14258882,6,3.4,32.4,24.4
Garrett Cooper,MIA,643265,2022,469,119,0.26,0.436,0.341,0.338,0.177,89.6,101.295185,8.8,10.7,33.3,28.7
Adley Rutschman,BAL,668939,2022,470,113,0.248,0.411,0.342,0.358,0.163,87.9,99.02813082,15.6,7.9,39,25.1
Gary Sanchez,MIN,596142,2022,471,128,0.22,0.439,0.321,0.298,0.218,90.5,103.2005553,14,13.5,47.9,18.4
Gavin Lux,LAD,666158,2022,471,129,0.247,0.372,0.314,0.325,0.124,88,98.88703744,6.8,6.1,37.7,24
Luis Urias,MIL,649966,2022,472,119,0.238,0.398,0.326,0.335,0.161,87.3,97.96486768,18,8.3,42.3,21.8
Owen Miller,CLE,680911,2022,472,130,0.246,0.341,0.291,0.307,0.095,85.8,97.30611794,10.1,3.5,34.1,26.8
Rougned Odor,BAL,596059,2022,472,135,0.207,0.339,0.277,0.279,0.132,87.8,98.2336768,21.5,6.5,42.4,22.7
Franmil Reyes,CHC,614177,2022,473,118,0.203,0.358,0.275,0.259,0.155,92,102.0750826,9.9,11.3,37.7,22.2
Salvador Perez,KCR,521692,2022,473,114,0.245,0.473,0.326,0.285,0.228,91.4,101.4687493,17.8,11.2,42.2,21.2
Robbie Grossman,ATL,543257,2022,477,129,0.205,0.305,0.281,0.307,0.1,86.7,96.17609056,21.1,3.5,46.2,27.6
Nicky Lopez,KCR,670032,2022,480,141,0.243,0.312,0.273,0.296,0.069,84.9,94.94043827,4.9,1.6,26.3,24.7
Jose Miranda,MIN,669304,2022,483,125,0.253,0.41,0.317,0.312,0.157,89.3,99.81897305,13.8,6.2,41.8,24
Willson Contreras,CHC,575929,2022,487,113,0.256,0.463,0.364,0.362,0.207,90.4,103.2382841,8.5,10.5,40.3,20.3
Dylan Carlson,STL,666185,2022,488,128,0.234,0.355,0.301,0.316,0.121,86.1,96.29395304,12.9,4.4,34.8,25.1
David Peralta,TBR,444482,2022,490,134,0.249,0.399,0.313,0.318,0.15,90.3,101.2332966,15.1,8.5,38.1,26.3
Santiago Espinal,TOR,669289,2022,491,135,0.263,0.348,0.298,0.319,0.085,86.1,96.8142133,14.1,3.4,37.7,26.8
Lourdes Gurriel ,TOR,666971,2022,493,121,0.273,0.4,0.321,0.328,0.127,90.6,100.3767959,10.9,3.8,35.5,26.3
Kolten Wong,MIL,543939,2022,497,134,0.235,0.353,0.305,0.327,0.118,87,97.6743745,14,5.4,41.8,25.2
Josh Naylor,CLE,647304,2022,498,122,0.257,0.43,0.327,0.323,0.173,89.4,101.0549162,10.3,8.6,42,20.9
Mike Trout,LAA,545361,2022,499,119,0.265,0.583,0.395,0.354,0.317,91.6,104.1359297,24.6,19.7,40,21.3
Geraldo Perdomo,ARI,672695,2022,500,148,0.213,0.282,0.269,0.302,0.069,85,95.30518924,12.1,2,38,21.1
Hunter Dozier,KCR,641531,2022,500,128,0.241,0.387,0.301,0.297,0.146,88.5,99.97757423,13.1,7.7,40.5,25.1
Starling Marte,NYM,516782,2022,505,118,0.276,0.428,0.336,0.332,0.153,86.8,99.15354484,7.5,6.8,38.8,26
Carlos Santana,SEA,467793,2022,506,131,0.253,0.438,0.352,0.361,0.185,90.7,100.9937085,15.4,9.3,47,22.6
Jesus Aguilar,BAL,542583,2022,507,129,0.24,0.393,0.298,0.288,0.153,87.7,98.45975354,19.1,6.9,36.3,26.9
Marcell Ozuna,ATL,542303,2022,507,124,0.256,0.478,0.337,0.303,0.222,89.4,101.7751419,16.5,13.1,41.2,20.7
Miguel Rojas,MIA,500743,2022,507,140,0.264,0.347,0.293,0.31,0.083,86.1,96.24996063,10.1,1.9,32.4,26.8
Nelson Cruz,WSN,443558,2022,507,124,0.241,0.399,0.32,0.323,0.157,90.9,102.2983806,7.2,9.3,32.8,22.9
Jonathan Schoop,DET,570731,2022,510,131,0.228,0.338,0.268,0.267,0.111,87,99.96762856,9.7,4.8,37,24.3
Josh Rojas,ARI,668942,2022,510,125,0.242,0.365,0.308,0.327,0.123,88.8,98.05044413,11.9,4.5,32.7,26.2
Luis Rengifo,LAA,650859,2022,511,127,0.254,0.392,0.296,0.285,0.138,86.9,98.09743639,9.9,5.4,38.7,21.2
Nico Hoerner,CHC,663538,2022,517,135,0.27,0.366,0.301,0.318,0.097,87.2,97.67897188,10.7,2.6,33.6,23.5
Andrew Benintendi,NYY,643217,2022,521,126,0.273,0.407,0.334,0.347,0.134,89.2,98.21078057,12.6,5.1,29,25.9
Hunter Renfroe,MIL,592669,2022,522,125,0.24,0.438,0.323,0.303,0.199,90.5,101.6459813,17.7,10.9,40.5,21.5
Trent Grisham,SDP,663757,2022,524,152,0.204,0.354,0.295,0.302,0.15,88.3,99.46593125,15.1,8.1,43.5,14.8
AJ Pollock,CHW,572041,2022,527,138,0.258,0.419,0.317,0.305,0.161,88.8,100.4143192,11.6,9.4,40.8,23
Isiah Kiner-Falefa,NYY,643396,2022,531,142,0.262,0.333,0.29,0.317,0.071,86.2,96.61469272,4.3,1.2,31.5,23.6
Justin Turner,LAD,457759,2022,532,128,0.267,0.427,0.339,0.343,0.16,89.5,99.00254565,18.4,8,34.6,27.9
Jorge Mateo,BAL,622761,2022,533,150,0.222,0.344,0.272,0.269,0.122,86.8,98.63578407,14.8,6,34.9,26.7
Ronald Acuna ,ATL,660670,2022,533,119,0.272,0.486,0.366,0.358,0.214,91.2,103.7593181,10.8,12.8,40.4,21.2
MJ Melendez ,KCR,669004,2022,534,129,0.237,0.41,0.332,0.334,0.173,90.7,100.5958883,15.1,10.4,43.5,20.8
Patrick Wisdom,CHC,621550,2022,534,134,0.188,0.38,0.295,0.284,0.191,90.7,102.1640324,21,14.2,48.1,20.4
Teoscar Hernandez,TOR,606192,2022,535,131,0.265,0.501,0.351,0.314,0.236,92.6,103.4204195,11.6,15,38.6,24.8
Randal Grichuk,COL,545341,2022,538,140,0.229,0.37,0.281,0.271,0.141,90,101.6014959,8.7,6.8,33.9,18.1
Alejandro Kirk,TOR,672386,2022,541,139,0.278,0.431,0.351,0.367,0.153,90.5,101.0533047,8.1,6.7,32.2,24.5
DJ LeMahieu,NYY,518934,2022,541,125,0.274,0.403,0.344,0.369,0.13,89.2,99.49962849,3,5.3,24.8,25.6
Thairo Estrada,SFG,642731,2022,541,140,0.246,0.352,0.299,0.312,0.107,86.2,97.09214635,8.1,4.4,40,21
Eduardo Escobar,NYM,500871,2022,542,136,0.243,0.427,0.314,0.3,0.183,88.3,99.2900729,20.6,9.4,40.6,26.9
Mark Canha,NYM,592192,2022,542,140,0.245,0.362,0.323,0.351,0.117,87.7,98.31769832,10.9,4.9,39.3,23.3
Josh Donaldson,NYY,518626,2022,546,132,0.215,0.37,0.299,0.303,0.154,90.7,100.9776004,12,9.8,42.3,24.1
Jesse Winker,SEA,608385,2022,547,136,0.249,0.403,0.345,0.369,0.154,87.7,98.67449927,16.8,7.6,36.5,22.5
Anthony Rizzo,NYY,519203,2022,548,130,0.239,0.454,0.349,0.35,0.215,89.4,99.61811295,19.3,10.9,45.9,21.6
Lane Thomas,WSN,657041,2022,548,146,0.222,0.357,0.286,0.286,0.135,86.4,98.44952228,12.5,6.5,41.8,21
Cody Bellinger,LAD,641355,2022,550,144,0.213,0.354,0.278,0.271,0.141,89.4,98.14998383,20.3,8.3,45.8,22.2
Whit Merrifield,TOR,593160,2022,550,139,0.24,0.356,0.288,0.292,0.116,87.1,96.38345986,15.1,4.2,35.1,22.2
Gio Urshela,MIN,570482,2022,551,144,0.268,0.416,0.323,0.324,0.148,88.9,99.1205524,11.8,7,33.3,30.1
Andrew Vaughn,CHW,683734,2022,555,134,0.255,0.415,0.319,0.311,0.16,90.8,101.1629503,7.5,7.9,31,25.1
Seth Brown,OAK,664913,2022,555,150,0.251,0.454,0.338,0.324,0.203,89.2,101.7234293,15.8,13,40.3,24.5
Andres Gimenez,CLE,665926,2022,557,146,0.257,0.4,0.326,0.336,0.143,87.8,99.022592,11.7,6.2,37.8,24.4
Jeremy Pena,HOU,665161,2022,558,136,0.248,0.397,0.3,0.285,0.149,88.1,99.80356365,8.7,9.7,42.6,25.3
Ketel Marte,ARI,606466,2022,558,137,0.251,0.377,0.315,0.333,0.126,90.1,101.2027546,13.5,6.1,42.7,24.5
Mike Yastrzemski,SFG,573262,2022,558,148,0.22,0.392,0.314,0.313,0.172,89.9,99.83096607,19.9,11.1,42.7,23.6
Nick Castellanos,PHI,592206,2022,558,136,0.25,0.395,0.302,0.293,0.145,87.5,98.39303284,14.6,6.6,35.6,22
Tony Kemp,OAK,643393,2022,558,147,0.219,0.291,0.267,0.294,0.072,84.4,93.05015514,15,1.6,39,22.9
Yandy Diaz,TBR,650490,2022,558,137,0.288,0.424,0.365,0.395,0.137,92.2,103.1078382,7.7,4.8,29,24.4
Julio Rodriguez,SEA,677594,2022,560,132,0.254,0.46,0.337,0.319,0.206,92,103.7187958,10.1,13.1,39.2,22.3
Ke'Bryan Hayes,PIT,663647,2022,560,136,0.25,0.354,0.303,0.321,0.105,91,102.2632138,5.2,3.9,26,27
Yordan Alvarez,HOU,670541,2022,561,135,0.329,0.672,0.462,0.43,0.343,95.2,105.6769851,12.3,21,39.1,27
J.T. Realmuto,PHI,592663,2022,562,139,0.275,0.463,0.351,0.342,0.188,90.3,101.2528936,13.1,11.3,38.2,24.1
Taylor Ward,LAA,621493,2022,564,135,0.268,0.474,0.361,0.352,0.206,90,100.1845719,15.8,12.4,38.4,27.1
Max Muncy,LAD,571970,2022,565,136,0.208,0.417,0.339,0.342,0.209,90.3,100.4884562,20.9,13.4,48,20.1
Brandon Drury,SDP,592273,2022,568,138,0.242,0.42,0.316,0.303,0.179,89.1,100.5868921,13.8,10.4,44.7,24
Luke Voit,WSN,572228,2022,568,135,0.222,0.434,0.322,0.306,0.212,89.8,101.4118716,18.4,14.7,46.2,24.8
Gleyber Torres,NYY,650402,2022,572,140,0.244,0.441,0.319,0.298,0.198,90.4,100.5348042,17.5,10.7,35.9,24.2
Charlie Blackmon,COL,453568,2022,577,135,0.256,0.376,0.301,0.308,0.12,86.2,97.42643533,12.4,4.4,43,25.7
Elvis Andrus,CHW,462101,2022,577,149,0.245,0.36,0.293,0.3,0.114,87.9,98.3360037,11.9,4.5,37.5,22.8
Will Smith,LAD,669257,2022,578,137,0.257,0.473,0.352,0.341,0.216,89.9,99.7645651,18.4,10.3,36.5,25.5
Andrew McCutchen,MIL,457705,2022,580,134,0.252,0.406,0.325,0.329,0.155,89.1,99.92693269,13.2,8.6,43.3,24.1
Brendan Rodgers,COL,663898,2022,581,137,0.265,0.404,0.326,0.33,0.139,90,101.127645,4.6,7.2,27.4,25.5
Austin Hays,BAL,669720,2022,582,145,0.24,0.372,0.298,0.298,0.132,87.7,98.99792243,11.3,5.2,40.8,23.6
Ha-Seong Kim,SDP,673490,2022,582,150,0.25,0.368,0.309,0.324,0.119,86.7,97.64756766,16.1,4.2,45.3,25.9
George Springer,TOR,543807,2022,583,133,0.265,0.438,0.342,0.342,0.172,88.7,101.3205071,13.9,8.4,45.7,21.8
Kyle Farmer,CIN,571657,2022,583,145,0.258,0.38,0.311,0.32,0.122,85.5,97.05025209,12.7,4.4,39.1,25.5
Yuli Gurriel,HOU,493329,2022,584,146,0.24,0.319,0.271,0.286,0.079,88.2,98.29120013,14.6,1.9,29.5,23.8
Trey Mancini,HOU,641820,2022,587,143,0.245,0.41,0.327,0.328,0.165,89.5,100.0785861,12.7,9.8,40.9,25.4
Jeff McNeil,NYM,643446,2022,589,148,0.28,0.389,0.323,0.341,0.109,86.9,96.27527869,12.8,2.7,33.3,30
Carlos Correa,MIN,621043,2022,590,136,0.276,0.484,0.363,0.353,0.208,89.9,101.9928733,11.6,11.4,38.5,25.7
Javier Baez,DET,595879,2022,590,144,0.23,0.378,0.285,0.272,0.149,87.9,99.68913118,9.6,8,39.9,20.4
Daulton Varsho,ARI,662139,2022,592,151,0.214,0.389,0.298,0.285,0.176,87.7,99.2117259,14.9,10.2,50.9,19.6
J.D. Martinez,BOS,502110,2022,596,139,0.26,0.471,0.349,0.33,0.211,89.1,100.923947,14.1,12.5,31.6,26.7
Myles Straw,CLE,664702,2022,596,152,0.236,0.301,0.275,0.306,0.065,87,95.48612453,9.8,0.7,24,26.2
Ryan McMahon,COL,641857,2022,597,153,0.248,0.423,0.33,0.329,0.176,91.7,102.0943837,10.8,10.4,35.3,26.2
Rowdy Tellez,MIL,642133,2022,599,153,0.252,0.479,0.349,0.337,0.226,91.1,102.5538389,15.3,12.9,37.7,20.4
Adam Frazier,SEA,624428,2022,602,156,0.262,0.339,0.297,0.324,0.077,85.1,95.04813587,13.6,1.5,35.1,27.8
Wilmer Flores,SFG,527038,2022,602,151,0.233,0.37,0.31,0.322,0.137,87.8,97.67201381,20.7,6.3,46.6,24.2
J.P. Crawford,SEA,641487,2022,603,145,0.255,0.337,0.315,0.353,0.081,85.1,96.66364771,8.9,2,33.7,27.2
Luis Arraez,MIN,650333,2022,603,144,0.288,0.408,0.333,0.35,0.121,88.9,96.19500435,12.9,3.6,28.4,29.8
Jose Altuve,HOU,514888,2022,604,141,0.269,0.44,0.354,0.362,0.171,85.9,97.30024642,16.1,7.7,46.9,23.6
Kyle Tucker,HOU,663656,2022,609,150,0.262,0.482,0.353,0.336,0.22,90,100.3325604,19,10.2,41.9,22
Ryan Mountcastle,BAL,663624,2022,609,145,0.277,0.509,0.362,0.332,0.232,91.3,101.9414942,15.9,15,32.1,25.7
Sean Murphy,OAK,669221,2022,612,148,0.255,0.439,0.344,0.34,0.184,88.7,101.0851588,11.5,10.5,39.7,27
Ty France,SEA,664034,2022,613,140,0.262,0.398,0.321,0.33,0.136,87.6,99.00236807,10.1,5.4,35.5,25.5
Bryan Reynolds,PIT,668804,2022,614,145,0.249,0.416,0.329,0.334,0.167,90.2,100.8825786,12,7.9,39.2,24.6
Rafael Devers,BOS,646240,2022,614,141,0.282,0.497,0.361,0.348,0.215,93.1,103.7842392,11.3,11.5,28.2,26.4
Cesar Hernandez,WSN,514917,2022,617,147,0.248,0.329,0.29,0.312,0.081,84.8,96.44926705,9.3,2.4,32.8,26.4
Willy Adames,MIL,642715,2022,617,139,0.238,0.451,0.323,0.299,0.213,88.9,100.0990027,18.9,13,37.7,22.7
Nolan Arenado,STL,571448,2022,620,148,0.265,0.445,0.339,0.335,0.179,88.7,99.55856672,21.7,8.2,45.2,26.2
Matt Chapman,TOR,656305,2022,621,155,0.234,0.44,0.341,0.331,0.206,92.2,102.9066062,19,12.9,44.8,22.3
Tommy Pham,BOS,502054,2022,622,144,0.238,0.383,0.311,0.315,0.145,92.2,102.5144374,7.7,7.9,34.2,24.7
Eugenio Suarez,SEA,553993,2022,629,150,0.22,0.454,0.339,0.321,0.234,89.8,100.6918185,19.9,14.8,44.3,20.7
Tommy Edman,STL,669242,2022,630,153,0.258,0.38,0.308,0.318,0.122,88.6,98.93164832,8.7,6.2,37.8,23.5
Alec Bohm,PHI,664761,2022,631,152,0.29,0.436,0.333,0.327,0.146,90.2,100.6498734,10.4,6.8,30.2,27.2
Xander Bogaerts,BOS,593428,2022,631,150,0.259,0.383,0.323,0.338,0.124,88.1,99.97943964,10.2,6.5,37.2,25.8
Bobby Witt ,KCR,677951,2022,632,150,0.252,0.427,0.313,0.294,0.174,89.7,100.8365068,16.8,8.7,33.2,22.6
C.J. Cron,COL,543068,2022,632,150,0.244,0.438,0.321,0.306,0.194,88.7,101.4101989,14.2,10.8,33.7,26
Steven Kwan,CLE,680757,2022,638,147,0.268,0.341,0.312,0.348,0.073,85.1,94.21905829,11.8,1.4,28.3,27.9
Mookie Betts,LAD,605141,2022,639,142,0.254,0.465,0.344,0.327,0.211,90.5,99.95446604,18.6,9.7,44.3,23.1
Ian Happ,CHC,664023,2022,641,158,0.239,0.379,0.306,0.315,0.14,89.7,100.3124084,10.9,6.5,40,22
Alex Verdugo,BOS,657077,2022,644,152,0.278,0.428,0.329,0.327,0.151,89.1,99.11257424,8.4,6,30.4,26.5
Manny Machado,SDP,592518,2022,644,150,0.264,0.447,0.338,0.338,0.183,91.5,102.6227068,16,9.8,40.7,29.1
Nathaniel Lowe,TEX,663993,2022,645,157,0.275,0.459,0.344,0.333,0.184,90.2,101.9639162,8.2,9.9,30.7,26
Randy Arozarena,TBR,668227,2022,645,153,0.234,0.382,0.301,0.301,0.148,89.9,101.17822,8.8,7.9,32.4,20.8
Anthony Santander,BAL,623993,2022,647,152,0.257,0.471,0.352,0.335,0.214,90.1,101.3309981,21.4,11.6,43.1,23.4
Josh Bell,SDP,605137,2022,647,156,0.273,0.424,0.349,0.369,0.151,88.9,100.5513575,8.4,7.2,37.1,24.1
Paul Goldschmidt,STL,502671,2022,651,151,0.261,0.482,0.367,0.357,0.221,90.8,102.2446082,15.7,11.6,36.3,22.9
Alex Bregman,HOU,608324,2022,656,155,0.257,0.416,0.35,0.369,0.159,88.9,98.37864533,19.5,7.3,45.1,24.5
Adolis Garcia,TEX,666969,2022,657,156,0.244,0.447,0.322,0.296,0.204,92.1,102.3687801,13.2,12.9,39.3,24.5
Jurickson Profar,SDP,595777,2022,658,152,0.251,0.359,0.315,0.34,0.108,87.5,97.85946856,12.9,4,42.1,25.7
Corey Seager,TEX,608369,2022,663,151,0.283,0.51,0.372,0.354,0.226,91.1,101.5983056,13.6,10.5,39.6,25.9
Juan Soto,SDP,665742,2022,664,153,0.266,0.501,0.401,0.42,0.235,91,102.2369341,9.1,12.4,33.6,19.2
Shohei Ohtani,LAA,660271,2022,666,157,0.278,0.552,0.385,0.361,0.274,92.9,103.8236243,12.1,16.8,36,23.6
Christian Walker,ARI,572233,2022,667,160,0.257,0.484,0.359,0.343,0.227,90,101.4663712,17,11.5,38.8,21.4
Kyle Schwarber,PHI,656941,2022,669,155,0.237,0.535,0.375,0.341,0.298,93.3,104.7938573,19.2,20.1,42.5,20.6
Amed Rosario,CLE,642708,2022,670,153,0.276,0.396,0.31,0.308,0.12,88.4,99.69020113,5,4.5,30.4,25.7
Christian Yelich,MIL,592885,2022,671,154,0.258,0.404,0.339,0.36,0.146,91.5,102.9848921,3.6,8.2,33.4,19.7
Cedric Mullins,BAL,656775,2022,672,156,0.232,0.349,0.288,0.297,0.117,88.8,98.89523136,17.4,4.9,41.8,21.1
Rhys Hoskins,PHI,656555,2022,672,156,0.239,0.445,0.338,0.327,0.207,90.1,100.842285,18.1,11.1,45,22.9
Brandon Nimmo,NYM,607043,2022,673,151,0.261,0.409,0.342,0.357,0.148,89.4,100.2513017,6.1,7,29.6,21.7
Jose Abreu,CHW,547989,2022,679,157,0.296,0.486,0.373,0.372,0.19,92.2,102.9536065,8,9.5,34.5,25.1
Jake Cronenworth,SDP,630105,2022,684,158,0.221,0.356,0.303,0.319,0.135,87.6,97.91736283,18.2,5.6,34.3,21.1
Jose Ramirez,CLE,608070,2022,685,157,0.255,0.408,0.32,0.337,0.153,87.7,98.87194481,20.7,6.6,44.7,24.6
Pete Alonso,NYM,624413,2022,685,160,0.262,0.489,0.354,0.346,0.227,89.8,102.8492154,18.2,12.3,41.4,23
Austin Riley,ATL,663586,2022,693,159,0.271,0.531,0.378,0.349,0.26,92.5,104.3983002,12.9,15.7,39.2,26.2
Aaron Judge,NYY,592450,2022,696,157,0.305,0.706,0.463,0.422,0.401,95.9,107.1100727,15,26.5,47.3,22.3
Dansby Swanson,ATL,621020,2022,696,162,0.257,0.461,0.337,0.314,0.204,90.2,100.8392096,15.7,10.8,38.7,26.8
Bo Bichette,TOR,666182,2022,697,159,0.278,0.444,0.334,0.322,0.166,91.9,102.7431713,8.5,9.6,29.3,24.6
Matt Olson,ATL,621566,2022,699,162,0.248,0.467,0.347,0.334,0.219,92.9,103.6650999,16.1,13.6,38.7,22
Francisco Lindor,NYM,596019,2022,706,161,0.254,0.427,0.331,0.326,0.173,89.3,99.74056542,13.8,8.3,38.3,20.4
Vladimir Guerrero,TOR,665489,2022,706,160,0.276,0.462,0.348,0.342,0.185,92.8,105.5070386,4.3,11.2,37.8,24.5
Freddie Freeman,LAD,518692,2022,708,159,0.313,0.538,0.403,0.4,0.225,91.3,100.761588,13.6,9.9,34.6,29.8
Trea Turner,LAD,607208,2022,708,160,0.276,0.432,0.335,0.327,0.156,88.9,100.1881989,10.2,7.6,41.4,24.7
Marcus Semien,TEX,543760,2022,724,161,0.243,0.394,0.306,0.301,0.151,87.3,97.83862434,19.9,6.8,43.5,21.8
